99.7695;47.0555;92.6215;51.153;91.699;31.146;100;51.88;92.6215;41.1225;79.8775;27.5275;80.268;30.8885;92.178;30.729;79.106;33.904;78.4855;35.163;68.473;26.3215;78.4055;24.4145;70.539;26.916;60.633;32.955;71.1335;22.7565;59.3205;27.35;0
100;48.3175;100;50.2425;100;43.969;94.4825;50.599;86.541;52.673;92.7215;50.4135;77.2955;50.1495;91.8875;43.178;87.7675;45.73;85.4435;36.249;71.6925;43.969;78.764;29.89;79.492;38.9275;71.55;41.3175;80.218;37.91;78.0225;30.881;0
100;48.7995;97.07;53.2655;96.053;38.3725;88.576;41.8005;76.399;39.8625;78.2045;49.644;67.1975;36.2715;76.47;39.11;72.5535;41.0935;52.991;32.2125;51.1545;23.5605;51.643;17.421;56.645;23.397;51.2155;18.9015;47.1465;20.2135;47.696;17.1515;0
98.794;44.699;97.3005;39.6;96.403;35.825;92.998;36.329;89.883;26.0355;89.1125;24.618;87.314;19.282;78.9725;15.957;68.926;13.1795;68.162;11.719;65.949;10.1235;61.396;9.183;56.8295;8.745;52.303;8.8025;47.869;9.341;43.084;9.5125;0
98.1775;46.401;100;42.8335;100;39.3435;100;31.913;96.285;28.2155;97.255;29.666;95.196;26.8095;99.1525;32.3715;92.2685;16.99;87.673;19.7055;84.8185;17.8875;92.553;17.28;78.7885;15.144;62.7175;18.0405;72.557;13.6105;69.4475;13.29;0
100;53.3275;100;40.806;100;36.34;100;28.4465;100;29.3255;98.116;24.063;95.3555;20.4915;94.615;16.763;84.938;14.5015;85.3225;11.84;81.5405;9.728;77.9335;5.436;73.6055;6.75;70.1515;8.1625;65.498;5.4535;61.4975;5.421;0
100;41.842;100;44.9155;99.9995;42.4015;100;40.3615;97.0275;32.4245;97.8675;35.1075;96.8595;32.794;97.243;35.947;95.0685;28.3085;93.0215;26.346;91.4935;24.39;92.04;26.4315;88.112;20.815;82.8615;15.603;84.357;17.7315;82.3635;16.387;0
100;53.69;100;51.71;100;47.2185;100;54.382;100;59.8255;100;60.164;100;56.3925;100;55.2805;100;63.5435;100;72.379;100;70.875;100;60.0165;100;68.3715;97.8015;74.3205;100;66.246;100;73.356;0
99.8225;53.234;100;49.382;98.9055;51.249;98.056;51.156;99.637;53.904;94.6615;55.173;97.106;52.6345;94.4045;55.56;93.052;54.3155;90.8165;55.915;91.834;57.221;90.6645;56.706;89.738;56.819;89.555;57.6895;88.561;57.965;85.4705;56.0075;0
83.5325;51.264;83.313;52.5155;78.5985;59.3805;54.388;67.0405;81.8105;56.0655;81.0495;57.1425;89.3185;55.488;79.1865;59.0755;57.1975;70.612;76.944;60.663;75.71;61.3125;74.419;61.862;73.0835;62.309;71.7165;62.653;70.3315;62.896;100;66.518;0
100;49.694;100;45.083;100;46.1755;100;44.6975;100;44.4635;100;30.2555;100;42.192;96.062;34.058;93.2365;32.733;95.8465;27.964;98.03;26.567;90.937;29.814;91.3405;28.8845;87.892;30.8845;90.224;29.7125;87.177;27.4805;0
98.0355;53.544;100;52.148;100;54.6565;95.0845;47.428;94.6315;51.29;91.625;46.929;93.767;54.9155;88.272;50.14;87.603;47.3525;82.9805;46.0475;82.079;47.0355;77.8385;46.1475;79.0255;48.8975;74.832;49.3745;75.655;49.9925;76.0495;49.909;0
100;46.909;100;51.471;100;47.4345;100;49.1465;100;44.137;92.2465;47.399;96.696;46.701;84.585;46.3105;82.8655;39.8165;97.455;34.221;90.426;34.173;92.466;32.581;86.2645;35.413;86.547;30.712;77.178;36.858;82.1035;30.2565;0
100;45.643;100;41.3685;93.3175;9.1105;97.4085;80.5265;97.7365;29.309;94.243;34.132;93.9685;38.2835;90.5255;18.91;56.1225;0;95.142;55.5265;81.1785;10.7265;77.6945;8.566;74.068;6.7085;70.325;5.163;66.492;3.936;43.3295;0;0
100;54.19;100;58.6935;100;43.346;99.086;82.26;100;73.952;100;79.5565;100;85.379;100;91.3885;100;97.5495;100;100;99.021;100;95.812;100;91.9495;100;87.411;100;82.179;100;76.2395;100;0
100;42.882;100;41.872;100;38.172;100;46.243;100;37.495;100;36.9195;100;39.0125;100;30.697;100;26.919;100;32.2405;100;20.1695;100;26.1785;99.41;25.1565;100;12.09;100;12.1195;100;7.7815;0
94.104;42.6805;96.704;44.4715;96.05;41.775;94.1535;41.482;94.231;34.0955;92.6345;34.2685;91.058;32.038;90.3405;33.184;87.6215;26.489;85.2775;26.4235;83.075;24.9575;80.6485;25.957;78.402;22.6855;75.0895;20.073;73.5375;21.3115;71.0945;20.957;0
100;42.0505;86.157;63.843;91.7215;20.806;100;35.8965;100;25.0685;89.981;43.7365;88.4185;57.319;100;69.6685;100;63.295;98.177;49.0545;96.2995;4.331;100;57.4015;100;44.209;100;44.4355;100;76.686;100;21.121;0
100;50.2165;100;49.3955;100;48.52;100;46.493;98.9195;46.872;100;46.728;98.6305;46.0415;96.2805;43.1675;97.092;42.8365;99.7945;42.876;97.4075;43.2175;94.7345;39.5745;94.5335;41.0455;92.822;40.724;91.8885;39.9495;91.9335;39.617;0
95.6205;52.1735;97.0955;51.14;97.3525;52.6725;96.791;50.6605;95.9555;53.174;96.383;56.0335;96.024;53.1055;94.4495;56.361;91.872;57.2195;90.4915;55.9245;88.5205;57.111;87.8775;55.6495;86.775;56.641;83.1935;57.65;85.4625;55.377;82.629;55.7235;0
100;53.269;100;60.373;100;63.1405;96.5255;66.1065;93.3865;69.5195;87.737;75.041;89.7775;76.1605;82.977;80.378;78.8095;81.4995;73.9035;83.5675;70.2765;84.42;67.192;86.041;63.856;86.193;59.648;85.341;55.686;86.344;53.495;85.722;0
95.466;54.3955;93.264;58.444;100;58.299;77.5935;84.077;85.1035;68.3595;58.143;71.3695;78.81;73.043;75.5335;74.809;65.8195;56.4835;68.912;77.231;65.637;77.913;62.428;78.2635;59.313;78.3025;56.3175;78.0505;53.4635;77.5305;56.0685;83.8695;0
99.5125;47.1075;99.8965;43.4955;99.3315;40.285;99.687;37.0785;96.369;34.935;96.3255;31.0175;94.906;28.102;92.461;23.968;93.7165;21.4625;89.508;20.0805;87.3625;17.6925;84.141;15.7605;82.6235;13.413;80.505;12.3235;77.376;9.861;74.5975;8.3775;0
100;48.135;100;46.3085;99.8005;44.4805;99.919;45.0345;99.4705;43.093;98.337;39.1525;97.644;37.4505;95.618;32.8;95.2905;33.924;94.9955;32.6545;93.937;31.1785;93.1065;28.505;91.586;28.439;90.7165;28.7035;88.9595;26.0115;87.5575;24.924;0
99.083;50.437;99.0515;48.091;98.7825;47.1505;97.9735;46.5145;99.502;47.7465;97.3565;44.449;96.6845;43.605;97.1085;44.2085;89.841;40.4;94.137;41.3065;93.1285;40.6305;94.2435;40.1555;90.9065;39.432;89.273;38.068;88.4555;38.4525;87.1615;38.049;0
92.067;40.819;71.822;51.4595;96.7105;49.8665;93.9735;56.8975;90.5605;49.1055;94.2795;77.4955;95.857;21.257;87.5;35.24;93.338;39.948;100;100;73.305;41.855;95.033;48.611;96.679;49.421;80.791;33.851;92.2315;37.147;96.6615;49.2875;0
100;100;100;100;95.505;100;36.515;100;8.424;100;0;100;0;86.263;0;21.1105;0;28.974;0;0;23.581;0;95.007;0;100;0;100;0;100;32.657;100;67.4225;0
97.8295;54.0715;98.7435;47.1665;98.5825;45.758;98.0485;46.7195;97.3585;50.6395;97.718;41.6025;97.306;40.2515;99.815;33.866;95.1715;32.049;95.714;36.342;95.07;35.0965;99.9495;29.6265;93.622;32.707;96.0295;34.6905;91.9755;30.4695;91.083;29.4135;0
100;48.8705;100;47.753;100;46.659;100;45.6005;100;78.0865;100;43.631;100;42.739;100;66.2035;100;41.1805;99.742;40.5255;97.8005;39.9595;100;3.858;93.64;39.1035;91.46;38.815;89.2395;38.6175;86.996;38.5095;0
100;52.906;97.2625;53.709;99.976;56.6155;100;49.0445;97.423;53.5165;97.8565;57.322;97.431;55.612;95.448;60.0595;98.3705;58.1325;99.8475;57.129;95.392;58.205;95.8335;61.2155;94.2115;61.7855;94.284;61.2555;89.162;64.788;91.787;65.583;0
100;54.8855;100;56.0985;100;61.287;99.301;54.6185;97.465;59.6055;96.496;62.144;94.6205;64.1715;92.7645;63.3605;91.828;66.5645;91.6965;65.849;87.4145;69.7985;88.0965;67.329;84.226;71.373;81.382;73.0155;78.3955;73.5165;77.126;75.4515;0
100;58.4005;99.676;58.167;97.308;66.6735;95.8795;61.305;95.704;68.5535;92.125;73.4495;90.5055;74.6125;89.2365;74.1555;82.5455;78.4885;78.2765;79.0355;77.793;82.36;74.1555;77.618;71.6585;84.5645;67.842;88.0735;66.9605;83.422;61.0505;89.3425;0
100;29.2715;100;88.0655;93.53;59.2965;100;45.0375;96.922;73.995;82.726;41.96;100;50.4395;98.8065;24.937;90.0125;37.7515;94.0325;40.4525;100;43.844;96.7965;55.339;96.445;46.3755;100;36.3065;71.985;59.9245;75.691;47.299;0
100;64.023;100;51.2385;100;53.882;100;52.1585;99.381;66.633;100;52.7445;100;52.192;97.875;37.701;92.1855;45.666;100;52.075;99.9665;63.688;100;30.472;98.207;48.913;93.3735;61.68;97.289;38.9895;90.1775;46.3355;0
100;83.892;90.6545;91.0105;71.5095;100;60.3095;90.2705;28.064;100;10.4325;88.546;0;70.134;30.477;20.683;1.0465;28.589;13.4585;11.8305;31.1645;1.2545;70.683;0;70.889;3.352;62.8865;0;96.785;32.389;99.408;51.723;0
100;51.7645;100;59.1405;100;63.484;100;62.534;100;64.389;100;69.3215;100;65.837;100;82.8505;100;76.923;100;80.6335;100;79.7285;94.7965;84.163;94.751;85.687;92.8055;83.5745;87.1945;92.8055;85.7465;87.9185;0
98.0435;54.31;98.38;59.6395;98.013;63.7255;99.022;67.526;96.4335;73.1405;93.1325;76.2585;91.41;79.397;86.621;84.5325;84.5015;86.57;77.2365;84.41;74.1695;88.0985;70.3075;87.3445;66.7005;91.898;62.472;93.0305;56.878;93.4175;54.524;93.1425;0
100;52.535;100;55.4135;100;59.749;100;64.2265;100;67.413;100;69.1305;97.2875;71.4405;94.563;75.1955;87.953;79.4005;90.322;79.981;89.789;81.379;83.3215;81.971;79.7085;84.7175;74.769;86.342;73.5135;85.8445;66.6905;87.6215;0
100;52.039;100;55.991;100;58.0795;100;63.9605;99.3515;65.4445;96.3725;68.8195;95.559;69.8745;90.9695;73.0295;89.3095;73.497;89.7;78.141;85.1655;79.0645;83.5385;79.8615;79.4515;80.495;76.976;80.466;72.656;81.818;70.221;81.329;0
100;62.084;100;74.295;100;86.4865;100;100;100;100;100;100;100;88.564;100;100;100;100;87.234;100;94.8235;100;82.314;100;69.1275;100;55.4095;100;41.315;100;9.3085;100;0
100;46.698;100;81.4685;100;54.7785;100;60.14;100;0;100;29.7205;100;42.0745;100;52.4475;100;19.231;100;36.7135;100;0;100;20.979;100;9.314;100;0;100;10.7225;100;25.874;0
96.1385;53.902;96.3395;58.1255;94.851;62.309;92.0555;67.5985;89.4005;71.098;85.358;73.4915;85.398;78.238;80.2295;82.1;75.6235;82.462;69.9515;83.4875;67.116;84.1715;61.8465;88.073;59.3825;86.9425;54.847;85.519;51.3675;88.536;47.9885;84.7545;0
87.426;48.5945;82.84;47.411;90.3105;51.4055;92.9735;51.2575;81.731;54.364;85.799;53.92;86.5385;52.589;89.275;36.0945;82.988;49.2605;89.349;53.4765;67.3075;40.6805;82.6925;51.4055;80.5045;46.6815;76.775;39.423;79.512;42.9735;78.1805;51.4795;0
83.7735;52.264;88.4905;44.717;88.679;51.887;83.019;47.736;82.264;50.566;83.396;43.019;86.0375;48.868;88.4905;54.3395;80.9435;46.0375;87.9245;38.113;86.981;42.6415;92.453;42.453;86.943;47.0995;83.396;51.132;93.2075;51.887;86.604;50.3775;0
78.8235;49.2155;70.196;50;69.2155;56.4705;70;47.059;78.2355;57.059;73.3335;54.1175;76.2745;47.255;79.0195;50.7845;75.098;50;72.941;53.3335;79.0195;54.1175;74.902;50.196;74.3005;55.0195;73.1375;54.1175;72.549;61.7645;71.5685;58.6275;0
94.1525;39.002;100;68.1865;91.2015;59.603;92.543;52.9505;95.279;47.854;92.5965;62.5;88.9485;62.661;84.603;78.97;85.515;69.528;86.588;63.7875;100;67.4355;78.38;76.0195;84.9055;76.6175;90.4505;79.292;71.513;85.4615;76.1805;77.0925;0
85.435;37.6085;82.174;52.174;72.6085;69.1305;82.6085;59.1305;75;63.4785;78.913;38.4785;75.2175;68.913;69.348;28.6955;68.0435;36.9565;63.4785;55.8695;76.623;48.0775;65.652;43.913;74.965;47.868;74.174;47.776;82.174;37.3915;75.2175;57.3915;0
64.601;56.791;72.6655;58.404;75.8915;49.7455;76.316;60.4415;76.231;41.681;73.684;47.623;77.759;51.9525;90.832;38.7945;71.2225;47.878;67.4875;53.3105;64.0915;39.5585;75.8655;48.412;75.1845;48.3245;67.3175;54.9235;85.399;49.066;69.7795;48.387;0
95.058;58.3035;89.6495;68.6895;86.495;75.2575;79.892;86.4985;72.1515;90.576;62.206;93.7465;53.219;92.519;43.6945;93.698;35.6305;89.8085;26.6825;82.962;21.4325;76.9025;15.9205;69.9755;14.078;62.9175;13.8155;55.609;14.2625;47.2375;16.1505;40.048;0
98.857;59.5245;91.3415;73.1295;85.8855;79.366;73.984;92.139;65.7045;96.3215;55.1445;96.9725;43.373;92.145;33.99;95.812;23.9275;89.7625;15.863;74.754;11.296;66.7685;7.312;58.9245;8.343;49.321;8.817;40.3395;16.3555;33.169;20.0285;25.15;0
87.042;52.487;89.537;51.2715;89.2875;51.8965;83.115;54.974;83.9005;65.576;87.967;53.674;87.3475;54.221;85.3405;46.0735;81.8065;50;85.0105;55.6775;84.0915;56.0925;83.508;57.7225;82.079;56.804;82.8535;58.7695;79.8795;57.3485;78.7275;57.557;0
100;50.8545;98.1075;48.429;100;48.282;100;47.4645;99.513;46.454;99.5865;45.499;100;42.1365;100;42.8715;99.155;44.0935;100;40.7405;100;40.364;99.4855;38.9585;98.245;39.8785;97.2995;41.4385;98.218;38.7195;93.5055;38.352;0
97.852;43.9525;81.659;43.655;98.1825;40.879;98.513;54.23;96.0015;49.438;91.7715;37.6405;100;34.3025;99.6365;39.392;99.339;39.491;100;36.4175;96.563;30.271;100;40.3835;94.3965;34.2175;90.714;38.136;94.5475;34.0715;84.7655;29.2135;0
97.245;25.3445;100;48.154;99.449;6.474;95.0415;83.471;100;44.948;100;43.7535;100;42.4915;100;41.1595;100;39.7545;100;38.274;100;36.7145;100;35.074;100;33.348;100;31.5345;100;29.63;100;27.6305;0
99.7245;50.263;92.041;44.3435;94.1185;41.7845;99.5305;46.8715;98.242;46.252;92.6105;51.483;93.5805;39.576;96.9405;43.5115;99.149;45.5325;94.938;50.0375;93.918;47.059;96.684;40.064;93.7895;41.097;97.147;41.7095;90.1265;37.1295;88.293;36.103;0
100;21.388;99.575;13.3145;94.759;1.275;100;32.091;100;38.3855;81.445;6.799;100;21.2325;100;10.1985;88.3855;5.524;98.3005;0;85.06;12.552;80.973;11.548;76.8885;11.007;90.51;0;100;0;65.2225;11.944;0
93.142;59.655;90.46;70.5745;83.6015;77.8925;77.2795;84.981;68.3525;90.7665;59.8085;92.8355;47.9695;93.142;41.3795;87.8925;32.95;82.8735;25.9005;78.046;19.885;70.498;20.383;62.8735;18.481;54.409;21.3795;46.092;22.567;40.0385;28.544;34.023;0
100;61.6975;95.702;76.0065;89.01;86.072;73.83;92.111;63.8195;95.865;54.7335;94.124;39.01;95.702;32.916;87.7585;24.32;82.2635;17.7365;72.307;12.949;64.581;14.581;51.7955;14.1345;44.0285;17.519;35.9085;24.3745;27.7475;31.284;23.3405;0
60.7145;45.238;66.6665;53.5715;59.524;59.524;61.905;54.762;70.238;51.1905;65.476;47.619;65.476;47.619;64.2855;44.0475;66.6665;52.381;65.476;50;60.7145;44.0475;67.857;47.619;61.0545;48.855;59.524;50;58.4985;48.983;57.347;49.0615;0
99.091;50;94.3135;51.5655;93.1245;52.286;90;50;84.5455;52.2725;89.6715;54.218;88.559;54.7895;81.3635;62.7275;84.091;56.3635;85.337;56.304;84.302;56.7465;87.2725;61.3635;82.2905;57.544;83.6365;51.3635;80.3575;58.2325;79.42;58.5385;0
93.4445;46.4445;100;48.753;100;46.5555;93.889;50.111;91.778;46.778;100;46.3565;100;40;93.4445;52.6665;94;48.111;100;44.237;100;40.6665;92.222;51.778;100;42.919;91.111;42.6665;100;42.1955;100;27.889;0
100;3.7735;100;87.736;74.5285;47.17;81.132;50;100;49.973;72.6415;53.7735;81.132;47.17;99.439;49.9575;76.415;50;76.415;53.7735;97.595;49.944;100;89.6225;96.096;49.936;97.17;0;100;71.698;71.698;44.3395;0
71.875;52.0835;79.1665;44.7915;69.7915;50;66.6665;46.875;73.9585;50;64.5835;55.2085;77.0835;51.0415;71.875;38.5415;67.7085;38.5415;66.6665;54.1665;62.5;59.375;69.7915;40.625;72.006;44.968;70.8335;45.8335;79.1665;34.375;66.6665;46.875;0
97.6085;53.2975;96.807;56.515;95.498;59.576;92.4405;25.019;95.0115;80.66;88.9685;67.164;86.127;68.994;83.0725;70.422;97.736;79.931;76.629;72.044;73.3865;72.2555;70.22;72.0995;67.187;71.6105;95.165;100;61.7025;69.81;59.316;68.5955;0
97.941;55.0645;100;49.041;99.1565;51.2775;98.487;45.342;99.4775;48.642;98.99;48.452;100;47.3285;100;47.4105;96.92;50.7785;98.81;45.358;98.9445;47.341;95.7835;42.1625;97.8385;46.5025;95.489;50.6535;100;44.6015;96.572;46.556;0
98.4665;50.438;100;50.4215;99.329;49.6185;98.934;48.578;99.91;48.245;100;49.3645;100;48.7095;100;49.4125;99.2425;50.0125;100;48.694;100;47.628;98.0095;47.7365;99.594;48.2635;98.51;48.761;100;48.0725;99.21;47.944;0
82.061;50.7015;67.073;48.7805;76.3755;51.733;59.756;56.0975;71.6565;52.3775;60.9755;52.439;64.634;50;68.2925;50;65.8535;53.6585;63.4145;56.0975;61.849;52.9065;60.9755;54.878;59.652;52.8205;58.705;52.752;59.756;50;58.5365;53.6585;0
67.347;60.204;73.4695;62.245;70.408;60.204;73.4695;72.449;65.306;79.592;56.1225;77.551;50;75.51;46.939;77.551;39.796;77.551;35.7145;72.449;35.7145;66.3265;19.388;61.2245;26.7105;57.4475;20.408;59.1835;32.653;50;36.7345;37.755;0
94.853;69.1175;95.588;68.75;87.1325;83.8235;72.794;88.9705;59.559;94.4855;48.897;93.0145;39.706;91.1765;31.25;83.8235;25;73.897;13.2355;69.1175;6.9855;54.412;12.8675;43.75;16.0375;37.9345;22.4265;28.6765;27.941;24.6325;35.662;21.691;0
63.3335;45;76.6665;50;66.6665;43.3335;68.3335;55.8335;78.3335;50.8335;85.8335;54.1665;85;46.6665;76.6665;60;70.8335;49.1665;65.8335;60;85;50;62.5;56.6665;73.107;52.7195;70;51.6665;73.3335;51.6665;70.8335;47.5;0
100;31.081;82.4325;64.865;82.4325;37.838;93.243;59.4595;100;36.4865;75.6755;50;81.081;47.2975;66.216;39.189;85.9165;41.167;81.081;52.7025;87.838;56.757;67.5675;35.135;80.5155;38.9185;79.239;38.4865;86.4865;20.2705;75.6755;37.838;0
97.601;51.127;96.8785;49.364;96.763;50.607;98.3525;49.133;98.468;50.26;97.8325;48.468;97.63;49.7975;99.74;48.6705;99.8845;50.896;96.792;47.5145;96.9075;48.815;98.526;47.7745;98.1075;49.1765;98.6995;50.954;97.717;48.295;97.919;50.4045;0
65.517;44.8275;62.069;44.8275;60.345;46.5515;53.7025;47.2845;51.8245;48.1555;50.8535;48.8085;50.3705;49.259;50.1405;49.5535;50.039;49.7385;49.9985;49.8505;49.986;49.917;49.9845;49.955;49.9875;49.976;49.991;49.988;49.994;49.994;49.996;49.997;0
62.5;58.3335;73.3335;63.3335;59.518;61.983;53.883;59.9695;50.535;57.461;48.8165;55.094;48.1575;53.1585;48.117;51.729;48.385;50.766;48.763;50.1785;49.137;49.8635;49.4515;49.7305;49.6895;49.707;49.853;49.74;49.9555;49.796;50.0125;49.8545;0
100;49.4595;100;48.6485;100;46.757;97.5675;49.189;99.4595;48.3785;99.4595;54.3245;100;46.757;97.5675;54.5945;98.919;49.7295;100;53.243;100;52.162;98.919;54.5945;99.278;50.6255;100;48.3785;100;51.3515;100;46.4865;0
95.187;49.198;100;54.0105;100;50.802;96.524;50.2675;96.7915;49.198;100;50;100;53.2085;100;52.4065;95.722;52.139;98.3955;51.0695;99.465;49.198;98.1285;52.674;98.487;52.226;93.8505;50.535;100;54.5455;98.9305;53.2085;0
80;51.6665;81.6665;53.3335;85;53.3335;85;50;81.6665;50;90;50;86.6665;50;85;55;83.3335;55;86.6665;48.3335;88.3335;50;81.6665;56.6665;82.966;55.084;80;56.6665;80;58.3335;81.6665;58.3335;0
97.3265;64.3565;86.277;83.624;73.782;91.2275;50.6335;94.5545;37.5645;92.2375;26.178;78.0395;12.0595;70.8715;16.7725;53.604;17.287;40.2375;23.7625;28;34.5745;22.4555;47.9405;17.604;58.0425;21.79;68.376;29.0495;73.0295;38.7325;75.188;47.01;0
86.207;49.458;89.852;50.542;90;50.0985;89.5075;50.542;89.212;49.5075;91.675;51.6255;92.5615;50.8375;90.0495;49.606;89.5565;48.522;87.9805;51.675;87.389;52.7585;86.3055;49.261;89.0205;50.306;87.0445;47.4875;91.478;51.478;89.5075;50.394;0
73.545;61.3755;71.164;66.799;62.8305;73.8095;50.926;74.7355;48.942;76.984;32.9365;65.6085;29.365;66.27;24.2065;53.439;25;44.18;42.5925;42.725;42.5925;30.9525;38.36;50.1325;51.787;34.1305;57.9365;39.1535;62.434;37.8305;63.36;52.1165;0
97.1665;69.287;74.1315;82.267;60.786;88.757;22.0295;82.4495;13.1625;71.024;11.9745;50;18.647;34.4605;30.8045;18.9215;43.6015;15.3565;74.9545;18.19;85.7405;31.17;86.9285;47.258;80.049;65.192;72.7605;80.256;51.371;77.2395;39.214;75.2285;0
92.868;50.0375;90.9635;47.162;88.7605;47.909;92.1585;54.5185;93.129;55.9745;94.0255;46.938;89.171;51.755;91.8595;46.602;91.785;42.905;94.0625;50.5975;95.2575;51.12;89.843;49.029;91.1915;48.161;94.0625;46.7885;86.968;49.029;89.5445;45.407;0
92.6045;69.626;69.4435;88.216;54.429;99.4515;28.6875;94.372;11.8855;74.99;3.454;55.384;7.05;34.478;16.985;22.369;40.37;6.9685;64.222;9.752;82.3245;32.385;88.907;38.338;85.849;60.6715;68.915;79.155;59.8335;83.1575;44.3925;82.4665;0
100;77.451;81.3725;100;50.9805;100;25.49;96.0785;8.8235;79.412;0;55.8825;1.961;33.3335;17.647;15.6865;38.2355;6.8625;67.647;0;87.255;13.7255;96.0785;39.2155;96.437;60.938;86.2745;78.4315;61.7645;95.098;44.1175;95.098;0
72.222;72.222;76.8475;95.3815;38.889;100;33.3335;94.4445;0;66.6665;0;44.4445;0;38.889;16.6665;11.111;77.778;0;38.889;11.111;88.889;38.889;66.6665;50;96.06;72.5095;78.727;92.1765;61.111;100;22.222;100;0
100;50;100;50;75;75;87.5;50;95.6005;56.047;94.5335;57.105;93.461;58.114;87.5;62.5;87.5;75;87.5;50;100;37.5;75;75;86.972;63.194;87.5;62.5;84.8175;64.537;83.7465;65.1465;0
100;50;100;50;83.3335;55.5555;100;44.4445;94.4445;44.4445;100;38.889;88.889;50;88.889;50;100;44.4445;88.889;44.4445;83.3335;44.4445;83.3335;50;95.1735;47.324;100;55.5555;94.4445;44.4445;100;50;0
100;72.7275;100;27.2725;100;54.5455;100;45.4545;100;50;100;36.3635;100;40.909;100;54.5455;100;50;100;31.818;100;54.5455;100;45.4545;100;47.543;100;72.7275;100;36.3635;100;40.909;0
100;55.8825;100;61.7645;100;70.588;100;52.941;100;61.7645;100;55.8825;100;73.5295;100;47.059;100;44.1175;100;67.647;100;70.588;100;44.1175;100;60.1125;100;52.941;100;67.647;100;61.7645;0
95.8335;64.5835;91.6665;41.6665;85.4165;62.5;93.75;45.8335;95.8335;52.0835;91.6665;56.25;85.4165;50;93.75;52.0835;100;54.1665;83.3335;45.8335;87.5;58.3335;91.6665;43.75;91.898;52.7515;100;60.4165;85.4165;50;85.4165;52.0835;0
100;45.9085;100;44.337;99.623;35.099;100;33.4625;98.331;32.8595;92.894;26.3675;95.952;25.915;86.542;17.388;84.0655;18.228;91.225;10.842;79.4145;12.6075;83.5165;1.852;74.3785;7.1655;68.9705;8.0535;62.0585;5.577;64.6105;5.1895;0
100;62.0385;99.9075;50.1845;90.122;34.9335;94.9595;38.257;85.3215;37.9615;86.9275;34.7305;85.746;31.961;73.597;19.4055;70.2365;22.4705;80.5205;30.336;76.588;33.6595;61.983;23.929;64.604;25.805;56.3885;30.4285;57.8285;24.3355;59.1765;26.6985;0
96.1235;40.276;98.2095;41.163;93.512;38.699;90.851;36.465;89.6355;35.5455;85.151;25.1805;81.669;25.0165;68.627;14.6355;63.535;13.9455;70.253;22.914;66.7545;20.1545;57.375;18.1995;54.656;20.2055;46.419;22.536;49.08;22.963;46.2715;26.051;0
92.0885;71.73;75;88.08;54.958;96.73;31.118;94.093;13.8185;80.5905;3.059;59.7045;6.6455;37.2365;18.5655;17.194;37.4475;7.173;58.1225;6.751;75.7385;16.561;87.4475;35.5485;88.9685;53.9665;82.0675;71.4135;65.7175;81.2235;49.789;84.7045;0
100;81.774;100;100;88.5615;100;33.3335;100;0;100;50;100;0;100;0;50;0;16.6665;0;3.732;0;33.3335;33.3335;0;59.6175;0;100;0;50;0;100;16.6665;0
100;53.4215;100;57.1055;100;61.054;100;43.75;100;69.7475;100;74.4905;100;79.493;31.25;100;100;50;100;96.0005;100;100;100;100;100;100;100;62.5;100;100;100;100;0
82.4735;46.052;79.132;42.81;43.4355;39.308;64.898;52.2015;69.048;36.8305;64.4655;34.0015;51.7295;40.5265;60.1345;35.2795;57.598;35.474;54.7565;34.2375;53.278;36.6025;51.502;37.438;49.977;38.395;48.694;39.4355;47.6415;40.525;50.668;36.3995;0
100;52.5745;99.6815;55.0615;98.071;57.378;97.7565;36.752;83.013;77.3505;90.213;62.6415;86.8905;63.69;83.3875;64.357;79.8075;64.652;76.247;64.6;72.791;64.238;69.5115;63.613;66.465;62.7765;63.6905;61.784;61.2135;60.689;59.043;59.5415;0
96.8345;49.905;80.3805;71.602;96.157;29.9355;96.5615;58.414;98.0985;54.5305;99.838;54.086;95.793;52.5485;92.314;37.338;93.6895;42.759;92.4355;63.0665;87.5405;48.1795;92.2735;48.7055;93.6465;48.849;99.272;54.6925;89.1585;44.903;92.9205;42.6375;0
100;61.529;100;10.7455;100;44.7995;100;57.707;100;63.91;99.06;46.5695;100;53.305;97.901;40.523;91.792;42.1835;98.7;51.864;99.812;54.621;100;49.3735;98.119;47.7015;95.5825;51.9425;100;43.139;98.2615;44.1415;0
89.9235;69.1325;90.402;41.518;100;46.1735;99.0755;46.301;85.1085;60.3315;99.8725;51.0525;99.107;51.2435;100;43.463;97.8315;53.8585;100;50.0955;95.153;65.402;100;42.7295;100;49.803;87.819;53.954;100;40.625;100;47.13;0
100;35.786;100;37.327;97.3115;32.453;100;34.717;96.368;25.4715;95.409;27.9405;87.8615;20.5505;84.874;20.9905;79.8115;21.2105;84.2295;14.5125;77.2325;6.3365;74.607;13.3335;67.752;11.973;63.176;10.8805;58.302;13.4275;56.997;15;0
100;54.5455;97.7275;45.4545;88.6365;50;100;50;97.7275;50;100;52.2725;95.4545;47.7275;100;50;100;50;93.182;54.5455;88.6365;54.5455;95.4545;52.2725;95.7705;51.4485;97.7275;54.5455;93.182;45.4545;93.182;52.2725;0
95.588;45.588;98.5295;58.8235;91.1765;54.412;95.588;48.5295;98.5295;41.1765;98.5295;57.353;97.059;51.4705;100;50;100;50;88.2355;55.8825;94.1175;51.4705;92.647;51.4705;96.3315;51.3;97.059;44.1175;98.5295;52.941;95.588;52.941;0
73.684;44.737;91.8905;50.878;91.5775;51.3075;84.2105;47.3685;84.2105;50;89.928;52.514;89.1575;52.878;92.1055;73.684;100;52.6315;86.275;53.8155;85.1505;54.0705;71.0525;60.5265;82.7095;54.484;76.316;39.4735;80.075;54.767;78.709;54.8595;0
100;72.7275;100;77.2725;90.909;81.818;100;45.4545;100;50;90.909;27.2725;81.818;63.6365;100;18.182;100;36.3635;95.4545;27.2725;100;53.875;100;45.4545;100;54.4335;100;68.182;100;81.818;86.3635;63.6365;0
72.7275;54.5455;81.818;54.5455;63.6365;59.091;81.818;50;68.182;45.4545;72.7275;45.4545;74.306;49.3285;81.818;40.909;72.7275;50;68.182;45.4545;63.6365;59.091;68.182;45.4545;67.221;49.116;63.6365;50;68.182;50;64.4925;49.084;0
100;57.143;100;85.7145;100;85.7145;100;42.857;92.857;42.857;100;51.267;100;50;71.4285;42.857;100;51.8085;100;35.7145;100;50;64.2855;35.7145;100;52.4455;100;52.591;100;78.5715;100;50;0
93.516;73.486;76.9725;91.0805;55.19;97.6375;30.9835;93.958;13.0305;79.113;3.9505;58.3655;8.7915;37.529;20.3085;18.329;37.994;8.5595;59.4115;10.6505;75.7785;21.285;84.637;37.5785;84.5485;55.242;76.399;69.881;62.987;78.2865;46.6305;78.776;0
96.3285;52.087;94.633;57.883;93.049;59.8955;91.8375;68.263;90.3095;70.099;88.1105;70.276;83.293;74.18;80.0505;75.876;76.696;76.09;74.2175;77.106;71.273;77.842;66.67;77.637;63.489;77.107;61.1535;76.724;57.156;74.562;55.7865;73.2855;0
96.7685;56.8225;96.858;62.6795;92.8525;69.3895;89.5195;73.5635;86.176;79.971;82.63;87.5;75.415;86.793;70.8145;91.371;62.7695;92.976;56.856;92.8075;50.247;94.4345;46.3195;89.89;39.5025;89.002;33.4155;85.727;30.734;82.1815;26.2905;77.9175;0
90.3135;56.5345;86.5305;62.1615;82.3075;59.519;68.4615;72.7885;72.3965;73.2195;62.5;78.654;62.596;68.5575;57.6075;75.9385;45.096;78.75;48.269;71.4425;45.572;72.212;42.5285;70.003;40.03;67.488;38.084;64.7705;36.683;61.948;38.077;65.577;0
98.7335;56.541;97.06;60.018;94.3915;66.124;94.5045;66.3555;92.775;72.6085;86.149;76.142;84.973;79.41;79.274;83.4465;74.4345;85.199;72.1225;84.0795;67.6445;87.811;63.416;88.105;58.4065;89.2705;53.7485;90.2195;48.519;88.851;44.8555;87.121;0
96.154;57.7255;93.1995;64.8785;86.291;68.395;85.294;78.415;78.7245;81.3595;71.635;87.338;65.8525;83.8485;59.564;88.409;52.343;88.0855;43.968;88.4845;40.7605;85.6635;35.3545;82.854;30.601;79.2765;26.6005;75.0655;23.427;70.366;21.8845;67.5475;0
94.402;69.069;82.963;84.7155;64.574;93.946;46.637;95.0675;30.2015;90.2205;17.713;78.251;8.52;63.453;10.53;45.8975;18.61;34.529;26.6815;22.1975;41.7755;17.831;54.781;19.4725;65.203;25.804;71.6135;35.081;73.5145;45.2695;71.076;56.278;0
86.7615;30.8535;90.0755;55.139;89.413;57.633;77.79;52.626;100;60.6125;85.9735;64.477;84.399;66.4625;74.836;58.6435;82.1665;48.5775;78.6995;71.264;76.56;72.436;97.265;78.7745;72.087;74.1;56.2365;100;67.535;74.8605;65.294;74.9155;0
97.3245;50.446;98.6435;49.87;99.461;50.186;97.9005;50.799;97.027;51.765;98.6065;52.3595;99.3125;50.929;97.1385;53.5675;99.2755;49.647;98.885;52.49;98.179;53.549;96.637;54.0505;97.6215;52.178;98.7365;50.409;98.9225;53.5305;100;49.87;0
75.233;41.55;85.721;50.7565;85.5315;51.129;84.0325;50.641;67.3075;52.797;84.525;52.1965;84.0505;52.529;83.5115;52.846;81.7015;47.669;82.2515;53.428;81.5385;53.6905;92.0165;59.0325;79.9675;54.152;69.114;53.38;78.233;54.523;77.316;54.673;0
88.148;46.111;100;35.185;100;7.1295;90;53.0555;72.778;28.611;100;43.7095;100;8.2405;74.6295;50.926;91.111;47.037;99.1075;40.031;100;61.0185;84.815;36.7595;96.074;37.7255;89.4445;51.0185;93.746;36.4475;100;21.4815;0
78.77;48.4125;87.599;47.3215;80.754;49.405;76.984;51.6865;80.853;54.9605;79.5635;48.8095;81.349;50.595;85.4165;51.2895;80.1585;50.7935;73.9085;48.611;79.5635;51.885;75;51.984;80.6455;49.3815;80.853;43.254;84.4245;49.3055;81.25;48.4125;0
80.9285;55.425;85.347;46.5325;85.179;50.839;87.1365;50.112;85.5145;57.886;85.794;49.888;89.877;53.3;91.8345;41.7225;84.34;45.47;81.264;49.329;80.481;55.8725;85.6265;45.246;84.9225;49.1635;81.6555;52.405;89.4295;47.4275;82.6065;47.651;0
94.0515;49.5715;94.909;48.7675;97.0525;49.089;94.5875;43.6225;91.104;44.534;94.4265;50.5895;95.391;43.1405;93.569;46.9455;95.391;48.821;93.998;42.7115;91.4255;43.7835;95.0695;40.2465;94.1225;42.5485;92.176;43.569;94.212;40.729;95.8735;41.5865;0
94.4265;50.8155;96.0035;50.6525;96.221;50.6795;94.5895;44.8885;95.0515;45.786;96.52;49.4835;96.547;45.541;93.0125;47.4715;94.7255;47.988;94.209;43.937;94.4535;44.0455;91.49;42.931;93.2265;44.096;92.768;43.4745;91.762;43.774;93.393;43.8825;0
90.5715;51.857;92.5715;49.9285;89.5;50.357;89.7855;47.857;93.7855;50;92.7855;46.643;93.2145;50.143;91.4285;47.2855;90.5;44.0715;88.4285;45.7855;92.143;47.5;88.5;46.5715;90.799;45.6655;91.2855;44.7855;90.7145;47.5;91.0715;42.4285;0
74.935;50.909;71.5585;45.195;75.3245;47.922;75.065;54.805;72.3375;52.987;77.922;44.026;75.844;48.182;76.3635;47.013;77.6625;49.4805;74.2855;48.3115;74.5455;49.4805;79.6105;50;76.6075;48.36;71.5585;51.6885;77.2725;47.2725;79.4805;45.7145;0
100;75;100;62.5;62.5;100;58.4255;95.59;43.332;90.227;32.9465;80.3965;28.09;68.928;28.1685;58.3545;31.662;50.339;36.7615;45.4875;41.911;43.518;46.109;43.628;48.9555;44.879;50.5165;46.482;51.112;47.929;51.1245;48.9915;0
93.524;69.0135;82.0495;84.606;65.6735;93.3125;48.0335;95.37;28.9135;89.673;14.7195;75.78;9.4755;61.3675;9.432;43.7305;16.263;30.949;30.833;18.5695;43.4935;14.619;57.776;16.7895;69.272;24.216;76.2865;35.0515;78.1195;47.031;75.73;58.3225;0
94.0895;71.7455;79.7865;88.8275;59.836;97.2685;37.9485;96.272;18.737;85.6285;6.7785;66.826;3.808;47.331;11.322;27.6465;26.525;13.3575;44.8815;8.8915;63.192;11.215;77.992;22.045;86.0735;37.7835;86.239;54.7995;79.0685;69.4575;67.3745;78.828;0
66.417;51.26;57.618;60.639;57.4595;87.0015;37.147;96.162;44.844;59.69;19.324;62.893;2.9735;47.2955;43.4415;42.8355;34.8425;27.6925;44.2955;7.2015;51.334;38.607;63.971;46.8525;66.8685;44.062;63.8285;44.2955;57.539;56.648;56.0985;60.234;0
91.7135;69.5605;77.02;89.2895;56.163;94.701;33.3895;91.789;14.957;79.782;6.689;60.9545;7.779;37.918;20.143;19.053;40.323;6.1065;56.2195;5.468;75.5545;13.773;89.5715;36.133;91.504;54.359;83.296;74.5395;68.771;85.0055;48.0085;89.722;0
81.1675;48.255;79.5425;50.2405;80.2045;46.2695;81.5885;50.4815;81.2275;46.2695;83.514;53.61;81.468;45.788;83.7545;54.573;83.574;50;79.4825;55.054;75.03;51.5645;82.9725;57.0395;80.2315;51.0095;75.692;52.226;80.8665;49.5185;80.686;45.427;0
87.2245;48.805;85.386;51.6545;86.1215;58.456;89.614;53.8605;90.717;71.967;81.8935;50.2755;85.386;60.8455;100;53.033;80.5145;52.5735;83.7315;52.114;76.011;37.5;86.489;42.0955;80.8635;53.562;65.441;54.32;77.958;53.729;80.147;60.8455;0
80.769;59.4615;89.0785;50.89;88.743;51.3235;82.5385;44.846;88.769;54;86.9805;52.53;86.161;52.888;84.3075;45.5385;80.846;58.154;83.1165;53.7865;81.939;54.0205;80.077;46.3845;79.4015;54.3835;77.5385;62.846;76.6945;54.6035;75.3045;54.661;0
84.1585;52.6875;92.4015;50.101;92.1705;50.1505;92.15;54.9505;87.9065;52.051;90.946;50.2925;90.369;50.3365;90.311;43.7765;88.9675;48.232;88.1825;50.4545;87.3175;50.489;89.816;47.8785;85.412;50.548;81.1175;55.799;83.312;50.595;82.2035;50.6135;0
75;50;69.348;55.2175;74.565;53.261;73.4785;48.0435;67.826;43.6955;72.826;52.3915;75.2175;51.3045;67.826;59.7825;71.087;57.3915;71.087;48.6955;66.087;44.348;73.6955;49.565;70.8945;53.454;69.348;51.9565;67.6085;57.3915;72.3915;58.6955;0
89.915;54.7085;89.0645;60.328;85.814;64.034;84.66;70.626;82.9585;75.061;78.949;80.407;74.605;79.2225;66.677;83.9305;64.7935;81.774;54.7995;84.052;51.033;86.118;45.626;81.5915;44.0375;80.348;40.887;78.0075;37.242;75.8505;36.3305;71.2335;0
100;54.901;100;62.5505;99.195;66.522;90.1825;76.51;87.4885;80.1485;78.4685;85.971;77.6555;87.0395;64.726;91.0965;60.5685;89.8885;54.8545;91.081;49.133;89.935;42.428;87.798;38.5805;84.5935;34.1435;80.474;29.8545;77.261;28.5925;72.267;0
94.705;56.7125;93.5005;65.7715;89.448;71.694;81.694;79.9875;77.0015;85.508;69.8495;88.0805;62.133;89.7615;54.567;89.799;45.4205;88.1305;39.8995;83.463;34.8685;81.305;29.724;75.2445;26.8925;70.3765;24.843;63.626;23.5885;59.586;25.596;52.986;0
97.3155;58.749;95.473;66.5715;92.548;74.98;86.839;81.921;79.6075;86.919;74.349;91.807;65.2295;95.3325;58.9795;96.7145;49.6495;96.5545;40.56;94.6915;33.4885;91.246;26.733;88.241;20.7185;83.1675;16.0355;76.282;12.3395;71.244;9.395;63.046;0
95.8835;59.099;93.045;67.7715;86.4365;72.8735;80.2125;84.9325;75.188;87.461;68.05;90.8975;57.832;91.779;50.198;92.605;41.805;88.9265;32.002;88.0965;28.4565;82.6925;23.43;76.943;19.836;70.486;17.7445;63.669;17.145;56.8335;17.972;52.697;0
88.3135;60.553;81.9675;69.056;74.2045;76.25;57.5;61.1365;56.8765;79.7825;46.1365;72.2725;50;74.318;36.2545;71.007;21.932;68.409;31.7045;59.432;29.7335;53.794;30.7585;48.3855;33.029;43.757;36.23;40.143;40.019;37.676;44.053;36.391;0
79.47;19.5365;92.715;77.649;90.563;53.6425;78.3115;58.1125;66.3905;62.086;75.1655;56.126;81.9535;59.934;85.927;71.3575;77.1525;56.9535;82.616;63.9075;84.437;53.6425;75.936;63.3265;74.5065;63.8435;73.108;64.287;71.742;64.662;70.4105;64.971;0
100;55.6925;85.0095;43.928;90.797;54.8385;85.5785;50.5695;78.0835;46.11;84.535;56.262;79.317;51.9925;76.5655;48.292;84.725;58.444;86.338;53.6055;66.034;52.941;76.6605;68.6905;74.545;58.9755;57.59;66.224;72.0705;59.4485;78.0835;57.59;0
92.4215;53.397;90.281;48.8505;88.5155;48.3505;83.3625;46.69;79.791;46.167;83.63;47.1145;82.13;46.781;69.5995;52.265;85.627;50.697;77.985;45.9805;76.715;45.7735;73.519;38.589;74.3295;45.436;76.3065;45.7315;72.1385;45.1895;71.1115;45.096;0
100;54.0065;98.3875;49.759;98.3415;49.639;93.99;48.0385;100;50.7095;98.093;49.282;97.9735;49.1645;99.2485;50.501;95.576;45.576;97.508;48.818;97.318;48.7045;99.082;51.0015;96.886;48.483;100;47.0785;96.387;48.268;96.113;48.1635;0
73.969;43.8145;71.392;43.8145;85.0515;30.4125;86.598;53.608;63.1445;39.1755;74.7425;57.9895;72.6805;44.072;71.134;53.093;75;36.34;77.3195;59.2785;71.134;54.1235;85.3095;59.794;76.698;43.7765;57.732;36.8555;73.7115;52.062;72.6805;24.227;0
81.755;47.806;88.265;51.484;80.716;68.014;82.679;49.769;82.1015;54.157;89.723;28.291;86.2585;77.4825;79.792;56.9285;81.755;60.97;81.6395;37.298;85.4755;57.6795;82.3325;61.5475;84.3875;58.852;80.8315;53.8105;83.158;59.9205;84.5265;68.3605;0
75.056;48.202;80.562;50.674;79.438;50.7865;79.438;51.236;83.371;49.7755;85.8425;47.6405;83.2585;50.4495;78.6515;51.236;82.3595;46.292;78.427;57.0785;78.764;48.202;73.2585;52.472;78.294;50.412;73.82;48.202;77.3035;55.281;80.337;45.955;0
85.7605;49.6765;83.3335;47.8965;81.5535;47.411;88.997;54.0455;83.657;54.8545;82.3625;57.929;80.097;49.029;77.1845;47.7345;73.463;44.984;82.3625;57.4435;69.5795;60.8415;76.2135;47.249;72.5525;50.02;65.696;46.602;74.5955;44.66;65.2105;47.411;0
84.074;55.185;88.5185;51.7285;82.5925;54.074;80.494;49.753;89.506;55.926;79.8765;52.469;81.2345;54.815;89.136;41.2345;86.9135;44.568;74.321;50.494;80.494;54.074;83.3335;43.58;81.8865;48.7745;88.2715;51.111;80.6175;46.42;75.679;47.6545;0
80.339;48.644;83.5595;52.034;76.4405;47.7965;75.254;51.8645;85.254;46.1015;78.983;48.983;76.61;53.8985;82.034;55.932;78.4745;48.8135;76.61;50.339;85.7625;48.305;76.4405;48.305;78.631;50.375;79.322;49.8305;79.4915;48.644;75.0845;53.39;0
74.7575;54.8545;64.806;52.9125;67.4755;50;78.641;48.7865;79.126;51.2135;66.7475;52.427;76.2135;50.2425;73.5435;44.66;71.602;50.2425;67.4755;52.9125;59.466;62.864;65.534;42.4755;68.2735;51.9075;69.66;58.738;63.107;50;68.6895;49.029;0
99.411;51.0935;96.551;67.05;91.952;67.611;87.353;74.453;86.792;75.9395;77.538;80.0895;71.565;83.1185;65.9;85.2215;64.1895;84.4365;53.7575;86.848;53.169;85.642;41.7555;84.857;41.722;80.255;41.8955;77.9025;32.6415;72.0975;33.2585;68.7325;0
98.9525;57.905;95.056;67.6185;91.0195;74.2805;85.88;82.444;79.4135;86.8715;70.1745;91.578;62.57;92.402;52.35;92.7375;43.9035;89.8745;36.91;90.377;31.0825;85.838;24.483;79.162;21.2065;73.02;19.0505;65.398;17.123;59.1725;17.933;51.484;0
99.8505;60.8385;95.983;73.515;88.451;81.2075;76.656;89.06;68.387;94.1455;55.0535;91.656;46.5865;94.637;35.8655;86.0365;28.1465;80.844;22.1155;74.06;17.5;67.767;17.671;57.954;16.6745;51.1385;17.564;43.269;22.6925;38.5255;26.3995;32.484;0
97.1655;59.9795;98.066;70.4015;90.257;78.2845;78.3435;85.415;70.918;91.615;57.4695;94.7445;52.5835;96.841;37.629;91.9695;28.5945;87.777;24.8745;81.2815;17.2425;75.214;15.5745;65.456;11.4515;57.8095;12.297;47.8005;12.4005;41.0395;16.534;32.8165;0
96.986;64.041;90.243;76.4105;79.0835;86.5755;67.4805;90.2555;55.3985;95.2015;39.9925;94.6675;30.135;91.0815;20.5825;81.4335;11.8475;70.184;9.369;59.444;9.3415;47.858;12.3635;36.5585;18.3815;26.781;26.789;19.277;36.8055;14.5825;45.5315;14.3635;0
94.9175;67.5785;83.6665;81.1165;71.949;97.1765;48.1785;90.255;38.581;87.667;37.4315;74.408;21.3115;64.2075;16.625;55.2955;26.3205;46.9035;9.472;46.9945;33.4015;26.204;43.5515;23.19;53.579;24.0375;62.1605;28.261;68.293;34.9715;71.4025;56.6485;0
64.5365;55.0125;61.654;58.6465;51.8795;67.168;56.015;63.158;53.133;60.6515;47.6375;56.3835;46.8335;53.9535;46.836;52.0485;47.2845;50.704;47.917;49.86;48.562;49.412;49.1225;49.2475;49.557;49.2625;49.86;49.375;50.048;49.526;50.145;49.6765;0
79.2295;32.237;100;67.669;87.688;49.718;91.2595;59.6805;75.094;36.184;82.9885;53.1955;84.8685;57.331;86.184;28.6655;88.064;52.2555;83.4585;60.2445;92.387;29.5115;82.425;47.6505;78.418;44.7145;76.41;43.327;57.801;43.891;72.3835;44.8455;0
91.8045;56.6075;86.0855;53.0295;82.9145;54.1575;61.944;56.4805;71.9185;60.165;74.709;56.343;72.3735;56.7535;64.676;51.461;74.079;57.878;66.4175;57.308;64.7475;57.319;63.218;57.265;61.8205;57.157;63.2145;58.0685;59.3835;56.816;58.3275;56.599;0
97.04;55.9665;92.869;50.519;92.562;50.773;88.483;49.861;92.2295;55.458;91.6445;51.5135;91.34;51.753;87.419;50.9715;90.0095;51.2025;90.431;52.4505;90.1295;52.676;88.668;51.11;89.529;53.1175;92.9695;54.6255;88.9315;53.545;88.6345;53.754;0
93.5555;52.163;89.973;59.1485;99.5045;64.646;94.7275;45.8315;94.299;48.986;95.223;36.638;94.705;59.982;94.322;47.679;92.226;49.5045;98.941;32.988;89.477;37.4495;93.3305;45.4035;92.9835;48.546;89.387;47.9495;87.9675;60.906;94.119;54.5965;0
87.458;51.2745;99.497;54.896;87.9275;56.4385;87.1565;45.406;97.921;51.241;98.9605;49.7655;98.055;55.0975;95.741;51.878;85.513;51.3415;90.6105;45.976;100;50;85.882;49.3965;91.1355;51.276;86.2175;49.4635;95.2045;55.533;86.4185;51.375;0
73.6685;59.7635;53.1065;40.8285;81.158;50.503;72.781;47.781;78.2545;50.8875;72.3375;63.7575;85.799;48.077;77.8105;56.213;70.71;55.769;76.3835;51.421;75.5915;44.6745;73.9645;48.8165;73.257;51.6295;76.775;62.574;65.9765;42.7515;67.3075;49.852;0
79.9435;57.3445;84.934;43.032;92.561;43.032;90.4895;51.224;75.2355;51.4125;83.71;47.74;90.3955;43.126;75.706;37.759;90.772;42.8435;85.1225;49.8115;66.6665;53.1075;78.0605;33.4275;80.722;41.5815;76.3655;48.964;76.9305;34.369;83.71;38.983;0
92.3565;48.3015;93.206;45.7535;90.9765;50;86.8365;46.1785;85.9875;43.206;87.4735;44.1615;88.7475;40.658;89.066;39.3845;80.998;44.9045;89.5965;42.1445;94.692;48.3015;92.463;36.9425;87.0575;38.344;83.121;38.8535;86.3055;31.104;82.9085;37.5795;0
93.886;45.924;91.712;53.6685;92.3915;52.038;88.587;48.913;88.587;47.1465;91.1685;44.701;83.9675;49.7285;94.0215;39.538;91.712;51.6305;93.2065;47.011;98.6415;36.0055;92.527;40.625;91.8525;44.8945;92.935;48.3695;89.2665;44.565;89.538;49.7285;0
87.352;43.3795;76.8775;58.498;86.3635;54.743;84.7825;44.4665;83.399;38.241;93.9725;40.415;86.8575;52.075;81.5215;49.8025;81.818;44.071;89.6245;37.352;83.2015;35.672;83.597;44.763;80.9235;43.9795;80.0395;39.5255;68.7745;53.4585;80.5335;49.3085;0
73.3925;55.654;79.49;50.3325;77.716;53.437;73.947;43.0155;76.4965;50.665;81.929;41.907;83.9245;48.337;77.2725;43.2375;76.4965;47.672;73.947;40.244;75.388;43.2375;70.7315;39.9115;76.965;44.2725;79.9335;48.559;76.8295;44.124;78.1595;47.7825;0
94.058;63.7375;86.0625;71.4405;80.7795;81.831;69.4125;95.251;54.9155;98.064;39.9515;94.6;32.1315;88.75;17.443;81.105;10.616;72.7675;9.072;59.5475;8.0285;45.9605;10.833;36.822;16.2215;27.2445;22.634;19.571;34.744;16.65;40.344;12.2015;0
96.5735;64.641;89.9585;77.878;79.976;85.798;63.1015;96.3255;52.318;98.374;38.3815;97.565;22.037;90.509;13.3355;81.1925;4.5025;68.1;3.873;53.02;3.191;40.081;8.404;26.547;17.4175;15.222;29.3885;7.1375;43.205;3.0235;55.0035;2.5885;0
94.1205;65.317;86.616;78.908;67.0545;79.2635;52.8585;100;45.381;96.059;18.7985;85.998;15.1165;66.279;9.289;70.5975;0;49.6125;10.5135;29.4575;11.5495;27.261;21.379;16.1975;34.195;9.062;48.5105;6.5795;62.696;8.9365;50.097;9.157;0
91.7395;64.4965;84.628;73.851;74.617;84.1905;60.9955;93.3805;45.952;92.5055;32.221;88.8405;23.6325;79.2125;14.825;65.6455;12.0895;51.9695;14.3875;42.3415;20.8425;30.416;31.4005;23.523;41.525;19.5685;54.2125;19.256;62.582;25.766;70.2955;32.3305;0
96.435;66.582;88.084;81.1745;74.6525;92.133;60.796;97.5965;43.022;98.0835;26.399;91.795;14.6265;82.745;6.263;68.375;4.093;52.7975;5.088;36.9135;13.0155;22.9655;24.6215;12.6325;38.8385;6.939;53.905;6.4205;68.0105;10.9715;79.7035;19.865;0
91.6835;65.728;82.7705;78.8355;67.481;85.3385;58.6465;89.4735;40.512;89.943;29.1355;83.2705;15.7895;73.872;12.6375;59.746;13.91;47.5565;18.985;35.9025;25.4175;23.2685;36.7115;16.993;49.235;15.147;61.354;17.786;71.55;24.397;82.331;34.9625;0
99.2275;48.632;99.029;47.948;100;46.1825;99.36;50.728;97.639;48.698;99.25;46.271;99.691;46.4255;98.698;45.234;98.632;43.888;99.647;47.374;97.639;45.543;98.676;45.8295;98.3265;43.544;96.7345;42.542;98.566;42.1225;98.389;40.6;0
97.026;49.2345;97.085;50.5005;97.497;49.264;97.939;49.47;97.3205;48.145;98.5865;49.1165;98.5275;48.0565;97.7325;47.968;97.615;47.6445;97.1145;48.9105;96.4075;47.7915;96.0245;47.762;96.3475;47.0865;95.171;46.2605;95.9955;46.378;96.0245;46.29;0
98.516;42.808;95.662;49.886;98.2875;41.4385;99.315;59.1325;95.8905;50.114;96.8035;45.7765;95.662;49.886;93.379;45.662;98.516;39.3835;100;55.137;96.0045;47.3745;96.233;53.4245;97.0215;45.374;98.516;39.9545;92.694;45.662;98.2875;39.041;0
76.271;48.305;97.4575;54.2375;76.271;41.5255;65.254;49.1525;75.4235;43.2205;82.2035;64.407;91.5255;32.2035;77.1185;50.8475;77.966;51.695;79.661;65.254;93.2205;52.5425;70.339;57.627;83.6435;49.867;83.051;48.305;91.5255;42.373;88.1355;44.9155;0
66.6665;37.5;72.222;61.111;69.4445;58.3335;70.8335;56.9445;75;44.4445;77.4555;45.7785;79.1665;66.6665;77.778;51.389;62.5;40.278;73.611;47.222;76.389;48.611;69.4445;54.1665;70.7715;42.872;59.722;43.0555;68.462;42.5955;54.1665;25;0
75.6035;100;100;76.905;85.589;90.4165;72.811;73.2135;66.5405;100;60.6245;100;41.292;100;33.4595;99.361;19.309;100;23.663;85.8495;5.75;73.947;0;67.5875;0;54.7845;0;41.6435;0;28.887;4.0485;17.2215;0
87.782;74.819;91.775;77.1505;77.458;86.0315;67.6125;85.396;56.7345;97.3745;45.091;96.889;31.198;91.1115;23.629;85.5805;15.821;83.9945;14.9185;62.478;10.4265;51.4975;0.506;35.4505;14.824;33.604;18.344;40.4075;32.9345;19.773;40.1955;18.522;0
91.8945;71.452;86.0565;79.1925;72.8125;89.0575;58.235;91.366;43.494;93.4735;26.9115;89.2485;20.2825;76.035;10.765;63.2645;7.993;51.964;18.9795;34.3245;26.294;25.5475;31.351;16.102;47.473;18.6545;57.345;27.0445;68.5465;30.4165;74.1595;37.8435;0
96.829;67.5535;87.627;82.82;72.7855;94.288;57.6615;97.888;39.1125;98.1505;21.7325;91.6985;10.6245;79.0225;3.448;63.01;3.1795;46.791;6.486;29.5255;17.4605;16.268;31.6005;7.5245;47.711;4.3895;63.665;7.119;77.4135;15.1935;87.414;27.9135;0
96.218;68.462;85.988;84.21;64.6515;97.039;44.446;88.2635;34.1975;96.2265;16.692;89.383;3.9275;71.157;2.8425;54.7925;0;51.5955;16.7845;16.861;26.995;10.913;43.257;5.959;59.8825;7.4315;74.452;14.8765;84.943;26.976;88.033;43.403;0
100;58.0975;100;47.221;100;50.6865;100;43.824;100;49.2445;100;49.1345;100;46.813;100;46.4215;100;52.95;100;44.946;100;48.6575;100;38.511;100;46.5885;100;54.1495;100;42.903;100;46.2805;0
97.7795;49.9225;93.2105;43.378;97.491;49.7695;91.4045;24.4145;96.2205;55.184;100;42.8765;99.632;48.729;97.9265;42.241;92.0065;80.8695;100;41.8395;93.746;45.7525;92.8705;49.168;92.066;49.1155;91.2135;49.0665;90.317;49.0215;89.3805;48.9805;0
89.689;64.746;82.032;76.156;70.6595;84.079;57.0885;91.774;41.5845;89.386;28.5445;86.164;21.4175;70.7355;12.282;58.3775;15.0115;45.072;21.1525;38.2485;29.6815;30.8565;41.2815;23.73;50.7615;25.6465;59.515;30.9705;65.504;38.4005;67.286;45.982;0
94.0425;67.616;84.1945;82.564;67.408;89.892;52.916;95.421;35.108;93.245;18.6825;84.795;11.447;69.6545;7.0985;54.204;9.1795;37.9915;17.7105;24.989;30.117;15.8315;44.4265;12.2335;58.5205;14.248;70.3375;21.1755;78.313;31.6175;81.3825;43.3475;0
94.7945;69.643;83.0645;85.902;64.7605;95.412;47.6065;97.2075;27.1375;92.3025;11.17;79.2555;3.5905;62.5665;3.859;42.3425;11.968;25.798;24.5345;11.9015;42.5525;5.7045;60.7905;7.1485;76.6145;15.7035;87.423;29.672;91.571;46.4855;88.431;63.963;0
100;37.9745;100;39.8735;93.671;44.9365;94.304;50.633;100;55.696;96.2025;53.1645;92.405;48.1015;81.6455;31.6455;93.671;49.367;96.8355;53.1645;100;62.658;81.0125;31.0125;92.3185;47.23;100;46.8355;76.5825;51.266;91.772;48.734;0
87.395;50.42;91.656;50.8295;91.319;51.2345;93.2775;50.8405;80.252;52.941;89.5465;52.3655;88.7205;52.7035;82.353;59.664;92.017;52.101;85.6425;53.561;84.4475;53.7885;83.1935;54.2015;81.864;54.148;80.6725;50.8405;79.0935;54.3785;77.665;54.4455;0
92.5065;50.9045;96.1055;50.728;96.023;51.09;96.3825;54.005;93.7985;55.685;95.5805;52.16;95.369;52.509;93.6695;51.421;97.933;50;94.5485;53.5235;94.215;53.8485;91.8605;55.4265;93.4615;54.475;93.7985;54.393;92.599;55.067;92.129;55.349;0
100;49.4105;100;49.8285;100;49.2175;100;49.2175;100;48.5955;100;48.9065;99.914;48.4565;99.764;48.381;99.657;48.274;100;48.0595;100;47.4805;100;47.5345;99.921;47.2365;99.7;46.848;99.5285;46.7515;99.4855;46.666;0
94.7525;48.416;93.7625;52.7725;94.7525;50.693;96.4355;51.386;95.6435;49.505;97.0295;49.208;95.9405;51.683;96.8315;50;97.1285;50.693;95.2475;50.396;94.3565;49.109;94.6535;51.188;94.501;50.8055;94.0595;50.099;93.6635;52.079;93.3665;51.188;0
95.0355;50.8865;100;49.1135;95.0355;50.3545;92.376;52.837;100;51.773;98.936;50.532;98.759;51.773;100;48.4045;94.858;48.4045;93.085;53.9005;100;54.61;95.0355;52.305;97.1525;51.6235;97.3405;51.241;100;50.532;96.8085;51.064;0
69.697;37.879;81.3275;50.635;72.7275;54.5455;81.818;54.5455;60.606;39.394;78.788;57.576;69.697;50;78.078;52.2805;75.7575;51.515;89.394;59.091;65.1515;42.424;74.263;52.9645;73.181;53.071;66.6665;48.485;70.928;53.205;69.697;62.121;0
93.3445;67.975;86.007;83.3335;68.6005;91.5245;54.323;92.9465;37.941;93.0605;24.1185;83.7885;15.643;70.762;11.4905;54.949;15.3015;43.174;25.256;28.8965;33.7315;21.1605;48.578;20.023;57.68;23.4365;66.1545;31.456;73.0945;40.1595;70.478;50.91;0
94.7815;68.9585;83.6555;84.719;67.958;94.348;47.9035;96.6725;30.5625;92.207;16.363;81.039;8.66;65.178;6.925;47.3175;13.218;32.8625;24.111;18.7785;38.286;13.0725;53.4555;13.072;66.7655;18.852;76.207;28.957;80.6085;41.3285;80.0365;54.33;0
95.2735;70.5565;82.677;87.3805;64.9605;97.9525;43.329;98.91;23.882;91.6315;10.1715;77.543;1.6845;57.596;3.4995;37.223;14.0685;20.3105;29.227;7.3975;48.875;3.106;68.159;7.316;83.769;19.0205;92.9885;35.9385;94.327;54.9;87.7475;73.1505;0
100;100;68.35;53.079;56.4965;96.3565;36.207;96.798;34.2365;68.8425;6.404;68.473;3.5715;45.5665;30.542;32.882;26.724;8.744;47.2905;3.202;62.808;39.7785;86.896;27.025;92.7355;46.5845;100;100;69.335;50.123;58.879;89.895;0
100;75.7575;72.7275;66.6665;53.0305;68.182;33.948;86.531;27.2725;74.2425;21.212;50;21.212;43.9395;33.3335;25.7575;45.4545;7.576;74.2425;21.212;78.788;28.788;100;30.303;86.4805;56.1655;98.485;78.788;62.121;68.182;54.5455;66.6665;0
94.055;50;97.4085;48.628;96.799;49.39;95.122;50.9145;95.122;50.9145;96.951;50.4575;97.866;50.1525;100;51.372;97.1035;49.39;95.427;51.2195;95.7315;52.744;99.8475;52.439;94.833;51.113;95.427;50.4575;100;52.744;98.7805;49.39;0
91.312;54.078;89.539;45.922;95.213;49.1135;96.454;50.532;90.071;54.4325;97.3405;49.6455;97.163;50;96.631;60.1065;97.5175;49.6455;95.7445;50.3545;90.248;53.546;95.5675;57.9785;94.7635;54.0825;88.83;53.369;96.2765;59.0425;96.2765;50;0
87.234;55.319;94.353;50.491;94.271;50.7355;93.617;49.291;86.525;55.319;93.8285;51.456;93.6175;51.691;97.8725;53.9005;97.5175;52.1275;92.7985;52.3715;92.4655;52.589;93.617;55.674;91.7145;53.007;87.234;48.227;90.855;53.4;90.387;53.5865;0
93.789;51.8635;94.9755;50.1715;94.605;50.255;93.1675;50;97.5155;53.7265;93.5105;50.497;93.1515;50.5755;91.9255;46.8945;92.857;51.242;92.091;50.8015;91.743;50.8745;89.7515;47.826;91.0555;51.0165;90.994;54.348;90.3785;51.154;90.044;51.2205;0
98.7565;50.355;99.2895;50.977;100;50.977;99.645;50.7995;97.8685;51.1545;98.579;51.776;100;51.865;98.9345;51.0655;99.2895;52.842;98.579;52.398;97.247;52.753;99.2005;51.776;98.77;53.2385;97.4245;54.0855;99.556;53.1085;99.467;54.9735;0
100;50.5525;100;50.5525;100;51.16;99.724;49.282;99.724;49.8895;99.1715;51.16;100;50.442;98.7845;50.3865;98.9505;50.8285;99.0055;50.3315;99.061;51.0495;98.5635;49.6685;99.0165;50.8;98.9505;50.7735;99.282;51.0495;99.337;51.381;0
100;49.329;100;50.783;100;49.888;100;53.132;98.8815;52.237;97.9865;51.454;100;53.244;99.4405;51.678;100;51.7895;99.888;54.698;97.8745;53.6915;100;55.0335;99.9945;54.3815;99.5525;54.2505;100;55.0335;100;55.0335;0
94.21;68.362;83.5615;83.691;69.8065;93.1995;51.212;96.591;32.426;91.8565;19.842;79.421;10.671;69.389;8.3575;49.679;15.341;33.5185;23.748;23.038;36.3115;15.937;50.403;15.113;63.014;19.661;72.2845;28.3085;77.1045;39.229;78.143;51.4115;0
95.0735;70.893;82.0655;87.8625;65.22;97.574;39.7755;98.267;22.2585;90.5955;9.0715;75.4745;1.507;55.1725;4.272;34.294;14.9185;17.2695;33.823;5.5005;52.9325;2.914;72.2415;8.923;87.0525;22.3845;94.7075;40.6375;93.9465;60.1795;85.2775;77.426;0
66.3945;55.521;57.985;64.654;57.01;87.2425;37.4345;95.9965;41.7485;63.332;18.143;62.4325;1.175;49.8315;38.3865;40.0455;34.739;25.557;42.787;5.0045;54.6725;35.542;64.1535;40.72;69.7995;44.251;65.5025;52.807;60.7215;60.27;56.688;63.211;0
82.9225;71.8085;72.3405;87.402;52.6595;92.553;33.9865;91.0695;15.8735;76.204;7.8945;53.5555;8.5945;35.6385;26.484;14.1375;47.6205;6.999;61.646;11.842;78.3315;23.936;87.15;40.6775;87.379;61.8565;72.5925;79.5355;60.2745;88.382;40.7335;87.178;0
59.733;52.8625;52.099;62.5955;44.7215;74.433;40.8395;40.8395;29.0075;53.0535;27.29;54.58;41.794;34.733;44.8475;30.1525;59.351;41.2215;67.006;44.0235;64.313;41.9845;60.8225;62.346;51.9565;65.546;48.0915;63.168;41.603;58.397;34.9235;33.206;0
99.001;50.0375;100;50;99.491;49.9625;97.3605;51.197;98.85;51.065;98.944;51.5365;99.585;51.169;96.9645;52.8565;96.776;52.6395;98.869;52.762;100;53.1205;97.0775;54.0535;98.3545;53.6275;97.8505;54.044;99.095;54.063;98.6235;54.308;0
91.127;46.214;90.231;50.1155;93.757;49.393;93.4105;46.243;86.416;44.133;92.312;52.5145;91.5605;46.3005;87.399;53.3525;89.162;53.179;93.3815;48.815;89.422;46.994;87.2255;48.815;88.3585;48.6345;87.023;46.185;85.029;47.89;89.2195;50.607;0
67.673;43.116;84.6935;48.7885;84.0975;48.213;77.8585;46.9405;80.918;44.7665;81.0495;46.7365;79.6805;46.3555;71.1355;36.7955;79.1065;52.496;74.868;45.6145;73.1205;45.5055;72.504;49.718;69.573;45.481;67.794;44.847;66.116;45.6815;64.4715;45.85;0
88.023;50.546;93.1675;50.129;92.9105;50.192;89.994;51.152;90.752;56.034;91.548;50.372;90.9075;50.427;91.3885;46.513;88.2655;51.9405;88.4895;50.574;87.5355;50.616;88.569;49.8485;85.443;50.6875;83.0805;50.4245;83.149;50.742;81.9435;50.7625;0
83.3335;49.317;98.702;53.4155;74.795;75.0685;87.8415;49.8635;82.582;42.9645;70.082;25.5465;69.604;79.3715;88.388;65.9155;89.276;55.6695;73.7705;27.5275;100;50.3415;80.328;53.4835;84.328;58.544;93.784;53.8935;77.664;62.295;56.967;74.0435;0
91.754;54.149;86.8695;42.647;92.1745;47.2165;95.2205;47.689;94.6955;56.565;90.5985;53.3615;89.6535;45.5355;100;48.9495;98.3195;53.309;93.8025;50.5775;88.7605;53.309;97.689;47.899;91.7395;50.0615;100;56.4075;93.33;44.643;95.273;47.8465;0
97.5565;50.2095;97.5915;48.6385;96.719;49.04;97.295;50.803;98.255;51.6405;97.0855;53.665;97.3125;49.337;98.5865;50.07;97.417;53.019;96.335;54.206;96.562;55.0435;97.26;50.6805;96.761;52.4625;96.5795;54.084;97.033;49.9825;95.7415;52.356;0
97.3505;49.983;96.6035;48.3865;97.5885;48.2845;97.792;51.223;97.062;50.883;96.2975;52.344;96.977;49.2695;97.4185;51.002;96.892;50.6965;95.703;53.8385;94.735;53.074;96.994;51.5965;96.2445;51.271;96.06;51.121;96.2295;50.221;96.3485;49.7115;0
95.304;49.1715;99.061;49.0055;97.8455;48.177;92.873;50.055;94.862;48.3425;94.5305;49.282;95.304;47.735;95.6905;49.558;90.3865;43.536;94.3645;50.6075;96.0775;48.84;95.525;48.9505;94.5735;46.12;91.4915;41.381;98.011;48.1215;93.7015;41.8785;0
92.355;56.7665;86.819;46.9245;93.9365;54.13;94.464;45.4305;89.3675;53.339;90.334;49.8245;89.631;49.473;92.882;47.7155;93.585;48.2425;90.861;45.255;85.501;52.197;93.2335;42.443;90.5735;47.589;89.1035;49.6485;87.8735;46.661;92.882;46.9245;0
100;40.5855;96.5175;31.922;44.566;3.2015;100;47.7255;75.437;16.1285;67.216;15.1465;24.1575;1.2425;52.7495;18.8815;66.5545;0;43.4245;27.35;40.972;32.133;39.834;36.7155;39.766;40.7995;40.48;44.2035;41.687;46.856;43.131;48.7765;1
100;27.4195;100;100;85.608;0;50;50;50;50;50;50;0;57.258;77.047;30.335;0;22.7665;15.0125;100;50;50;100;95.3475;75.8065;100;100;39.9505;62.841;100;33.809;100;1
51.1685;49.704;45.038;44.0255;49.6185;44.088;57.353;53.3185;51.893;46.849;50;50;47.714;42.23;49.8285;44.902;44.2125;47.293;50.919;51.8345;50.7595;50.444;51.7565;49.2325;48.38;54.6115;46.0705;50.366;50;50;49.9805;56.0055;1
50;50;50;50;100;0;50;50;0;0;50;50;50;50;100;100;0;0;50;50;50;50;100;100;100;100;50;50;100;100;50;50;1
49.068;45.7705;50;50;50;50;55.735;36.595;27.1685;30.914;50;50;33.172;69.301;31.4335;57.509;81.864;61.0575;50;50;50;50;42.5985;49.337;60.3225;48.853;50;50;58.2975;62.043;45.896;69.0325;1
100;22.895;100;0;100;0;100;68.1085;100;29.4405;100;100;100;0;100;35.323;100;3.2005;100;100;100;100;100;29.556;100;18.6275;100;0;100;0;100;0;1
100;6.6495;100;61.14;92.746;30.052;100;43.955;100;67.5735;100;53.886;100;42.6165;100;0;100;0;80.9155;57.9015;100;81.1745;100;41.494;100;67.962;100;16.753;100;94.214;100;40.587;1
75.466;3.002;100;63.354;48.24;0;100;0;71.8425;0;50;50;0;32.8675;31.1595;51.8115;100;0;50;50;50;50;41.8735;96.118;69.876;63.2505;50;50;100;61.594;50;50;1
50;50;0;0;100;100;0;100;0;100;100;0;100;100;0;0;0;100;100;0;0;100;0;100;100;0;0;100;0;0;100;0;1
100;0;50;50;50;50;100;100;100;0;14.0625;100;50;50;0;100;100;100;0;100;100;78.125;0;100;100;100;100;0;100;100;100;100;1
100;100;50;50;50;50;0;0;50;50;50;50;0;0;0;0;0;100;0;100;50;50;50;50;100;0;0;100;0;100;0;100;1
0;100;50;50;50;50;0;100;100;100;50;50;50;50;100;0;0;100;100;100;50;50;0;0;100;0;100;100;0;100;50;50;1
100;78.91;100;0;100;0;100;0;100;0;100;0;100;0;100;0;100;0;100;18.602;100;0;100;0;100;0;100;0;100;0;100;0;1
0;0;50;50;0;100;100;31.25;50;50;50;50;50;50;100;0;0;0;100;0;50;50;100;0;0;100;0;0;50;50;0;100;1
0;0;100;100;100;0;0;100;100;0;0;0;50;50;100;100;0;0;100;0;100;0;100;100;100;0;100;0;0;100;100;0;1
100;0;100;100;100;0;100;0;100;0;100;49.08;100;0;100;100;100;7.2085;100;100;100;0;50;50;100;100;100;10.4295;100;100;100;100;1
85.6265;48.7025;70.6435;38.4665;99.0095;45.2635;99.8545;44.882;100;44.5245;79.4825;100;91.863;0;91.135;41.0685;90.38;35.8715;37.043;96.365;75.9665;52.728;82.7465;39.804;96.562;29.3465;81.9055;39.0495;93.068;6.323;38.407;0;1
83.0805;0;100;100;100;16.3395;90.4465;29.777;100;0;100;5.3125;100;86.6965;58.7945;85.491;100;89.018;100;92.634;100;0;100;92.6785;100;45.7145;97.991;31.875;100;82.634;100;67.366;1
100;100;100;0;50;50;50;50;0;0;50;50;50;50;0;100;100;100;0;100;0;100;100;0;100;100;0;100;100;100;50;50;1
100;51.2305;99.836;52.4305;98.7725;53.5715;80.8725;0;95.518;55.5735;94.231;76.82;91.0385;57.0685;88.4645;57.5945;100;70.5015;82.925;58.1855;80.069;58.258;77.223;58.195;74.4335;58.0095;71.7405;57.718;69.176;57.3385;100;100;1
0;0;100;100;100;42.8125;50;50;0;100;100;100;58.9585;0;0;0;54.375;0;100;0;0;100;0;0;100;0;0;0;100;100;50;50;1
17.857;0;100;91.4285;100;0;100;38.3035;100;98.0805;100;31.1605;100;0;100;56.9195;100;0;100;48.3035;7.857;100;76.875;92.857;100;100;100;0;100;0;100;0;1
50;50;50;50;50;50;100;100;100;100;50;50;50;50;31.25;0;0;0;50;50;50;50;0;0;0;0;0;100;100;50;50;50;1
97.299;48.6575;0;63.0655;31.8035;67.8195;84.629;18.2865;100;48.3235;35.49;49.725;22.574;57.726;95.9605;26.865;100;24.788;35.1325;34.273;13.068;68.6805;91.936;26.633;76.104;20.935;100;19.3035;45.183;60.2385;46.9415;70.9565;1
50;50;100;75.862;50;50;55.4955;0;50;50;50;50;0;38.793;22.1445;8.3515;88.47;81.5735;50;50;76.724;67.834;4.849;72.414;100;0;0;90.7865;50;50;50;50;1
100;100;100;0;50;50;50;50;100;100;100;100;0;0;100;0;0;100;50;50;100;0;100;0;100;100;0;0;50;50;50;50;1
16.0325;0;0;100;100;81.6585;51.7575;0;0;0;100;100;94.3415;0;0;100;91.92;100;100;0;0;0;40.572;100;100;0;0;0;0;100;100;66.8055;1
54.1665;39.6575;0;100;0;100;85.9375;73.5865;8.9285;18.6385;0;0;0;100;48.6235;79.576;28.9435;28.9435;12.686;0;0;26.5995;0;61.905;100;0;0;30.543;0;0;0;80.729;1
0;100;100;0;0;100;50;50;100;100;0;40.625;100;100;0;0;100;0;0;0;100;100;100;0;100;100;100;100;50;50;0;0;1
58.594;0;0;100;50;50;50;50;0;100;50;50;19.323;16.146;90.2605;68.073;75.9895;57.1875;50;50;0;36.4585;7.604;98.125;100;100;0;83.854;50;50;50;50;1
50.8335;32.1875;50;50;50;50;50;50;50;50;50;50;56.146;22.5;61.4065;91.4065;100;28.854;50;50;54.1665;0;44.6875;41.6665;100;11.6665;0;59.427;50;50;100;36.354;1
81.908;100;60.4165;0;100;100;93.8595;65.4605;16.557;100;47.0395;79.386;50.877;52.522;24.2325;0;57.127;48.3555;66.3375;28.07;0;100;90.4605;0;100;46.93;100;100;60.307;0;100;100;1
92.3915;55.299;100;69.565;100;0;83.469;54.212;100;63.519;100;80.299;100;67.7535;100;51.336;79.212;28.4875;100;81.748;94.565;63.2925;95.5165;33.3335;100;57.971;68.8405;49.0265;100;61.232;100;68.7045;1
100;0;100;0;100;0;100;0;100;100;100;100;100;0;100;100;100;100;100;100;100;0;100;0;100;0;100;82.8125;50;50;100;0;1
100;100;100;0;100;0;100;100;100;100;100;100;100;0;100;100;100;100;100;100;100;100;100;100;100;75;50;50;100;0;100;0;1
100;0;100;100;0;0;100;0;50;50;50;50;0;100;100;0;100;0;12.5;100;100;0;100;0;100;0;0;0;50;50;100;0;1
84.722;69.4445;50;50;33.5315;84.9205;50;50;50;50;50;50;60.3175;37.897;60.516;59.722;73.2145;89.0875;50;50;50;50;86.7065;63.6905;88.095;81.746;50;50;50;50;50;50;1
100;100;50;50;100;0;100;0;100;100;100;100;100;0;100;100;100;100;100;0;0;0;100;0;100;0;100;100;50;50;100;0;1
100;100;100;0;100;100;100;100;100;100;100;100;100;100;100;0;0;100;0;100;0;100;100;0;100;100;0;100;0;0;0;100;1
100;100;100;0;100;100;0;100;50;50;100;100;50;50;50;50;0;100;0;100;100;100;100;0;100;100;100;100;100;0;0;100;1
100;0;100;100;100;100;100;100;100;100;100;0;100;0;100;100;100;0;100;100;100;100;100;0;100;100;100;0;100;100;100;0;1
84.099;41.343;91.166;60.954;73.3215;66.431;62.8975;79.152;100;42.403;50.53;72.2615;50.53;69.4345;59.3405;70.584;55.2835;68.1765;52.1625;65.3725;49.9585;62.468;48.569;59.7025;47.843;57.2405;47.6105;55.1745;47.7075;53.532;47.9935;52.293;1
69.5895;46.8285;98.732;52.164;100;100;67.9105;57.6495;77.239;56.53;80.7835;8.955;78.918;83.955;83.3955;44.776;73.321;44.2165;82.787;57.396;91.6045;72.761;73.5075;58.209;74.6545;57.315;66.2315;48.694;69.559;56.7605;67.2055;56.3775;1
86.3635;47.5;94.6205;51.731;100;86.3635;83.182;47.0455;74.091;41.591;90.9045;54.7795;78.409;100;75.2275;60.909;83.409;55;100;35;99.318;0;78.6365;66.3635;78.491;57.3365;71.1365;54.091;74.4635;57.3215;100;100;1
70.966;56.241;67.5;56.25;61.591;63.9775;48.182;72.159;52.2585;68.097;40.4545;66.818;43.325;63.661;51.3635;70.2275;32.6135;56.3635;39.986;52.539;40.682;68.182;42.9985;47.599;45.0145;46.443;0;0;48.542;46.268;49.737;46.843;1
92.2785;45.71;34.1275;9.7235;45.5195;21.7825;90.324;52.288;94.757;49.6185;40.753;81.983;39.9905;15.9675;92.8505;44.328;88.9895;42.1355;46.5205;75.405;32.936;90.467;89.466;48.141;85.441;37.356;88.942;42.9455;39.323;10.915;40.753;20.0665;1
22.91;57.4305;33.127;86.6875;76.006;43.034;65.9445;46.5945;60.3715;42.415;73.684;54.489;78.1735;42.26;58.2045;72.6005;66.873;51.703;75.232;53.5605;18.1115;19.195;100;82.8175;70.674;29.942;42.415;55.573;51.1995;77.91;76.316;45.511;1
89.5785;58.4255;50;50;78.2705;53.437;69.734;100;69.1795;99.7785;48.7805;76.6075;61.8625;56.43;48.6695;97.561;24.501;92.461;44.9;69.4015;28.714;61.8625;4.213;90.355;32.927;94.124;0;84.7005;0;56.43;50;50;1
0;0;50;50;75.407;10.749;80.293;66.4495;0;29.316;50;50;50;50;100;36.645;68.241;18.241;98.534;0;0;0;100;20.1955;0;0;0;0;100;0;50;50;1
100;0;50;50;88.9705;0.3675;90.441;77.5735;29.044;2.5735;50;50;50;50;86.0295;11.397;86.7645;19.853;50;50;59.191;0;0;0;0;0;100;0;100;0;50;50;1
50;50;50;50;50;50;50;50;50;50;50;50;50;50;50;50;50;50;50;50;50;50;50;50;100;0;50;50;50;50;50;50;1
64.2045;34.091;50;50;84.091;0;65.341;97.9165;82.197;53.2195;67.424;7.576;50;50;79.5455;32.0075;72.538;9.659;50;50;50;50;62.121;58.9015;100;38.068;53.0305;25.7575;58.144;14.962;50;50;1
50;50;50;50;50;50;50;50;81.0975;100;50;50;50;50;68.2925;14.0245;78.049;0;50;50;50;50;50;50;100;55.488;50;50;50;50;50;50;1
55.0675;55.4055;50;50;50;50;77.365;91.216;65.5405;100;50;50;50;50;68.581;0;66.554;0;50;50;50;50;28.716;0;100;0;77.7025;38.1755;50;50;50;50;1
82.9545;18.5605;50;50;50;50;88.6365;100;100;35.985;50;50;50;50;81.0605;38.6365;92.0455;0;100;0;50;50;50;50;100;3.0305;43.5605;3.409;50;50;50;50;1
71;19.5;50;50;100;0;95;100;71.5;82;50;50;50;50;83.5;35.5;92;0;50;50;50;50;60.5;84;100;61;50;50;50;50;50;50;1
95.6765;90.793;13.5135;100;30.267;77.8675;52.7025;64.865;40.7005;44.8795;48.421;45.515;50.7005;48.2985;50.554;49.7315;50.171;50.0485;50.024;50.0375;49.9985;50.0095;49.9985;50.001;49.9995;50;50;50;50;50;50;50;1
100;42.623;100;52.459;78.6885;49.1805;82.787;50.8195;92.623;48.3605;86.0655;50;84.426;41.8035;59.836;42.623;82.779;41.412;83.6065;51.6395;100;35.246;65.574;32.787;76.1925;39.8375;66.3935;48.3605;63.9345;27.869;74.59;46.7215;1
69.643;76.1905;10.588;55.671;41.686;11.811;83.3335;50.595;91.0715;70.238;16.385;65.3645;32.6015;18.166;73.2145;57.738;77.381;52.976;24.085;72.4805;26.1745;26.203;66.0715;85.119;75.9855;69.424;78.5715;69.643;22.5545;35.0425;62.7205;22.0815;1
71.818;43.6365;79.091;42.7275;59.091;16.3635;67.2725;48.182;64.5455;47.2725;64.5455;64.5455;68.182;29.091;60;49.091;68.182;52.7275;56.3635;74.5455;80.909;58.182;66.3635;58.182;70.549;46.4865;67.2725;47.2725;56.3635;31.818;64.5455;35.4545;1
86.905;91.6665;11.905;38.095;66.6665;42.857;72.619;42.857;16.3575;56.404;66.6665;50;64.2855;46.4285;30.893;75.5815;61.905;51.1905;72.619;52.381;58.3335;36.905;21.3725;44.883;62.4445;24.4605;100;50;16.6665;47.619;63.095;51.1905;1
100;100;50;50;50;50;50;50;73.872;5.451;24.248;72.7445;2.2555;64.2855;82.331;100;50;50;50;50;81.015;60.1505;0;0;100;0;100;100;50;50;50;50;1
79.92;70.166;91.4045;90.2605;88.0005;85.3545;92.005;44.508;98.6555;53.9905;97.912;7.1365;95.981;94.222;97.726;47.397;94.3365;59.0675;99.242;15.203;93.335;7.1225;64.302;34.9685;100;58.538;81.479;71.3385;93.8785;90.5035;90.9895;84.411;1
50;50;33.164;92.694;50;50;84.4345;0;98.539;65.6925;36.976;20.394;34.8795;82.7825;97.0775;58.1955;50;50;50;50;40.9785;0;50;50;100;0;50;50;52.2235;80.9405;50;50;1
50;50;99.4595;38.6485;59.4595;47.2975;50;50;96.6215;53.6485;100;40;100;53.5135;100;44.3245;50;50;100;39.4595;100;29.189;50;50;100;41.216;50;50;100;37.027;64.4595;42.162;1
100;100;100;0;50;50;50;50;100;100;100;0;100;100;100;0;50;50;50;50;100;36.111;50;50;100;0;100;100;100;0;50;50;1
50;50;100;0;50;50;50;50;100;100;100;37.329;100;61.644;100;0;50;50;50;50;100;100;50;50;100;0;50;50;100;0;50;50;1
0;64.0525;61.111;57.5165;12.1535;14.508;34.6405;85.621;0;100;9.1505;66.9935;10.4575;48.693;0.9805;8.4965;19.9345;22.876;47.7125;8.4965;97.059;2.941;0;28.4315;87.1925;54.588;0;52.6145;59.1505;51.307;29.8995;25.8795;1
36.6665;70;36.3485;56.0795;41.111;47.778;53.096;46.5605;52.2305;51.2875;49.5575;51.363;49.207;49.917;49.9535;49.5585;50.235;49.9235;50.069;50.119;49.943;50.051;49.9655;49.975;50.0095;49.9785;50.013;50.0025;50;50.0075;49.996;50.001;1
97.2655;48.242;0;33.3985;0;49.2185;98.633;50.586;96.6795;49.0235;0;58.203;0;49.8045;97.6565;48.242;96.094;48.633;0.3905;55.8595;3.3205;67.383;97.8515;49.8045;91.0205;56.879;95.117;46.6795;0;40.625;0;32.8125;1
100;47.2355;100;0;75;44.4445;68.0555;38.889;100;37.144;58.3335;44.4445;100;32.67;100;30.5735;100;28.569;50;37.5;100;24.8335;100;36.111;100;21.454;100;36.111;100;18.422;100;17.0325;1
81.3725;46.0785;86.2745;50;80.392;46.0785;81.3725;44.1175;84.3135;44.1175;83.3335;43.1375;82.353;45.098;77.451;44.1175;77.451;39.2155;79.412;40.196;83.3335;38.2355;72.549;37.255;76.2045;37.666;78.4315;34.3135;71.5685;39.2155;73.5295;36.2745;1
17.1875;57.8125;53.125;50;50;53.125;81.25;53.125;59.375;50;48.4375;54.6875;53.125;50;57.8125;42.1875;71.875;31.25;50;45.3125;50;50;51.5625;26.5625;51.5625;50;14.0625;51.5625;48.4375;50;50;54.6875;1
92.6355;52.713;100;54.0345;100;100;95.7365;49.6125;91.8605;51.938;100;63.5765;100;100;90.6975;52.3255;95.349;55.814;100;75.335;100;0;90.31;51.938;100;85.8065;92.248;53.4885;100;93.6585;100;100;1
39.75;64.375;61.5;55;64.125;65.875;66.125;67.5;68.1425;32.6915;54.625;63.75;45.25;60.5;45.625;61.75;32.9065;65.704;26;46;64.954;66.588;21;38;66.095;35.7625;26.5;59.25;36.448;34.386;70.2225;51.525;1
52.933;49.581;53.352;50.419;50;49.4415;50.2795;48.0445;50.838;46.229;49.7205;52.6535;53.2125;48.324;50;54.7485;46.7875;53.771;47.6255;51.257;51.3965;49.7205;50.419;50.2795;55.1675;49.581;51.5365;49.8605;52.2345;50;52.3745;48.324;1
52.73;50.7185;48.707;52.299;50.7185;52.299;46.1205;50.431;50.862;46.6955;48.132;52.155;45.8335;47.701;45.2585;54.023;47.9885;52.586;51.0055;51.1495;48.132;49.4255;51.5805;49.569;50.431;50.862;51.293;50.5745;51.293;50.5745;47.701;49.7125;1
51.926;51.284;50.214;50;50.9985;49.0015;51.07;47.5035;47.575;49.358;50.7135;48.859;50;48.3595;47.646;48.5735;49.144;51.783;51.07;50.214;52.568;48.859;52.568;50.927;51.997;50.7845;50.9985;50.3565;48.716;49.073;49.2865;50.9985;1
54.348;50.343;56.9795;47.9405;55.263;45.881;56.293;46.911;61.6705;49.428;56.1785;53.89;57.3225;43.2495;64.531;47.5975;59.4965;53.6615;55.835;50;55.6065;49.8855;57.5515;44.8515;54.2335;50.6865;55.6065;46.682;54.8055;46.3385;55.835;46.5675;1
50.9875;50.3525;52.045;49.577;51.058;50.564;50.564;52.186;50.141;50.0705;50.9875;48.4485;49.0125;53.0325;47.955;51.34;48.801;49.7885;52.186;48.7305;50.917;50;50;49.3655;50.917;49.436;50.282;49.2245;49.1535;48.801;50.3525;50;1
100;0;100;100;0;100;100;0;100;0;0;0;0;100;100;100;100;100;0;100;100;0;100;0;100;100;100;100;0;100;0;100;1
100;100;100;75.625;81.25;0;100;100;51.25;51.5625;100;100;50;50;100;0;100;100;100;100;65.625;100;100;100;100;100;100;100;2.8125;100;50;50;1
50;50;0;0;0;100;50;50;0;100;100;100;100;0;50;50;50;50;0;0;0;100;100;71.875;100;0;50;50;0;0;0;100;1
50;50;50;50;50;50;50;50;50;50;50;50;50;50;50;50;50;50;50;50;50;50;50;50;100;50;50;50;50;50;50;50;1
0;100;100;100;50;50;100;0;100;0;100;0;0;0;50;50;0;0;50;50;50;50;0;0;100;0;100;100;0;0;50;50;1
50;50;50;50;50;50;50;50;50;50;0;0;50;50;100;87.5;50;50;50;50;0;100;50;50;100;0;0;0;100;100;50;50;1
81.0605;18.182;50;50;50;50;67.235;64.394;71.4015;69.697;46.212;75.947;68.182;65.7195;23.106;66.4775;56.0605;42.6135;50.947;23.2955;21.212;58.9015;64.5835;36.3635;62.879;21.212;71.591;62.121;59.091;48.8635;58.5225;29.1665;1
50;50;0;18.617;100;75.532;53.9895;38.298;0;31.915;56.383;20.4785;100;0;50;50;91.4895;46.0105;37.5;100;58.5105;14.6275;50;50;40.4255;26.5955;38.83;25.532;87.234;95.213;16.2235;72.8725;1
59.295;41.6665;50;50;50;50;50;50;50;50;55.769;40.4645;50;50;50;50;50;50;50;50;47.436;46.7145;53.9265;54.487;58.654;44.5515;56.25;54.8075;51.282;47.596;58.4135;59.7755;1
100;100;0;100;0;8.772;67.3245;60.5265;73.0265;53.509;61.4035;52.851;67.544;67.3245;86.4035;48.0265;61.4035;76.535;50;50;35.0875;41.886;100;16.6665;100;0;100;37.7195;67.544;60.0875;91.4475;53.9475;1
0;100;100;0;50;50;50;50;100;0;100;100;50;50;100;0;50;50;50;50;100;100;0;100;100;0;0;100;0;0;50;50;1
0;0;24.653;100;100;0;100;76.9095;50;50;61.979;0;100;100;50;50;100;100;100;100;50;50;14.236;100;66.6665;0;100;0;84.896;0;73.7845;100;1
100;100;50;50;100;0;0;0;100;100;100;0;50;50;100;0;100;100;50;50;100;0;0;0;100;100;0;100;0;100;50;50;1
0;100;0;0;50;50;0;100;100;0;0;0;0;100;50;50;0;0;0;100;50;50;100;0;100;100;100;0;100;100;50;50;1
0;0;50;50;50;50;50;50;50;50;50;50;100;0;50;50;0;0;50;50;100;100;100;0;100;0;50;50;50;50;50;50;1
50;50;50;50;50;50;50;50;100;33.3335;58.3335;63.021;50;50;50;50;50;50;40.104;39.0625;41.6665;95.3125;0;75;52.0835;87.5;38.5415;0;43.75;36.4585;40.104;3.125;1
100;45.238;0;0;0;0;100;65.873;90.6745;88.095;0;0;0;100;73.682;100;100;100;84.4195;0;0;0;91.4685;68.254;100;100;100;75.397;0;33.73;0;86.4155;1
100;0;100;100;100;100;100;25;100;100;100;100;100;100;50;50;100;100;100;100;100;0;100;100;100;81.25;100;12.5;12.5;100;100;100;1
68.438;0;0;0;46.1695;100;100;97.5205;87.2985;30.645;0;10.3435;45.1615;100;74.342;73.251;65.8775;36.2695;42.8285;39.906;44.012;53.4475;51.5105;53.3195;51.7215;49.407;49.7985;49.164;49.6195;50.054;50.0075;50.1625;1
50;50;50;50;50;50;50;50;50;50;100;100;100;100;100;0;50;50;100;100;100;0;100;100;100;50;100;100;100;0;50;50;1
50;50;50;50;50;50;7.5;0;50;50;100;0;50;50;0;0;0;0;100;0;20;0;100;100;0;40;100;0;50;100;50;50;1
50;50;0;100;100;100;0;0;50;50;0;0;0;34.375;0;0;100;0;100;0;50;50;100;0;0;0;50;50;100;0;50;50;1
0;100;0;57.622;64.177;100;0;100;0;0;100;100;0;38.262;64.1505;0;100;100;34.299;0;0;0;100;0;0;48.211;100;0;0;33.8415;57.4695;100;1
49.6795;25;50;50;49.0385;100;50;50;50;50;50;50;50;50;50;50;65.705;96.4745;32.372;87.1795;32.6925;9.6155;50;50;19.231;24.359;50;50;50;50;50;50;1
0;0;100;0;0;100;50;50;100;0;100;0;50;50;50;50;50;50;0;100;100;0;0;100;100;100;50;50;100;75;50;50;1
0;20.1615;50;50;0;82.258;6.4515;100;50;50;50;50;50;50;50;50;50;50;0;0;50;50;64.9195;61.6935;100;75.8065;50;50;50;50;50;50;1
100;100;100;0;100;100;100;100;100;100;100;0;100;100;100;0;100;0;100;100;100;100;100;0;100;100;100;100;100;100;100;100;1
100;0;100;100;100;0;100;100;100;0;100;0;100;0;100;100;100;100;100;100;100;0;100;100;100;100;100;100;100;100;100;0;1
100;100;100;0;100;0;100;100;50;50;100;0;50;50;50;50;50;50;0;100;100;100;50;50;100;100;50;50;0;0;50;50;1
100;0;0;100;0;100;100;100;100;100;0;0;0;0;100;100;100;0;0;0;0;0;100;50;100;0;100;0;0;100;0;100;1
100;0;100;100;100;0;100;100;100;0;100;100;100;0;100;0;100;100;100;100;100;0;100;0;100;0;100;100;100;0;100;100;1
50;50;100;100;50;50;100;100;50;50;100;0;50;50;50;50;50;50;50;50;50;50;50;50;100;0;50;50;0;100;50;50;1
50;50;100;100;100;100;50;50;50;50;0;0;50;50;0;0;50;50;50;50;100;100;50;50;100;100;50;50;0;100;50;50;1
100;0;100;100;100;100;100;100;100;100;100;0;100;100;100;100;100;0;100;0;100;0;100;0;100;100;100;0;100;100;100;100;1
50;50;50;50;50;50;50;50;50;50;50;50;50;50;50;50;50;50;50;50;50;50;50;50;100;100;50;50;50;50;50;50;1
100;100;0;0;0;0;50;50;50;50;0;0;50;50;50;50;50;50;0;100;100;100;50;50;100;0;50;50;0;0;0;0;1
84.3645;100;95.9865;11.9565;90.8865;52.174;88.0435;55.351;93.3945;86.873;85.0335;59.1135;87.96;56.856;96.739;37.458;85.368;59.3645;82.4415;62.291;80.1005;88.7125;100;23.077;94.631;61.108;85.535;76.923;100;46.739;78.261;61.9565;1
69.2605;57.782;70.6225;53.6965;63.2295;62.0625;61.673;56.615;59.7275;62.646;62.257;68.4825;54.4745;61.4785;48.0545;68.4825;52.529;62.4515;62.4515;54.864;53.891;64.9805;48.753;64.241;46.988;63.128;42.607;57.393;45.3305;65.564;40.467;64.397;1
53.202;42.3645;47.7835;52.9555;54.187;48.7685;49.261;59.3595;53.202;50;56.1575;45.074;52.9555;50;50.985;48.522;43.596;39.655;53.4485;50.739;53.4485;51.478;53.941;58.128;64.0395;47.537;47.0445;45.32;52.2165;52.7095;53.6945;44.5815;1
62.658;67.9745;50;50;35.19;0;50;50;53.7975;46.329;50;50;50;50;50;50;50;50;50.3795;84.0505;40;66.8355;44.81;67.848;52.785;0;50;50;53.1645;0;50;50;1
71.354;25;50;50;50;50;73.229;75.521;79.479;51.0415;50;50;50;50;58.229;27.2915;79.5835;40.8335;50;50;50;50;99.375;29.5835;0;0;36.0415;12.1875;50;50;50;50;1
50;50;100;56.4445;94.222;49;50;50;100;28.778;100;59.778;100;47.3335;100;9.222;50;50;100;48;100;40.6665;50;50;100;0;50;50;100;55.889;95.3335;45.222;1
50;50;50;50;50;50;50;50;50;50;0;100;100;77.586;50;50;50;50;50;50;50;50;50;50;100;100;50;50;50;50;50;50;1
50;50;50;50;50;50;50;50;50;50;50;50;50;50;50;50;50;50;50;50;50;50;50;50;100;0;50;50;50;50;50;50;1
50;50;50;50;100;100;0;0;50;50;100;44.4445;50;50;50;50;0;100;100;100;100;0;50;50;100;0;50;50;50;50;100;100;1
50;50;50;50;50;50;0;100;50;50;100;68.6665;44;44;50;50;0;0;50;50;100;0;50;50;100;61.3335;50;50;50;50;50;50;1